Name,apex_length,apex_orientation,apex_width,apical_spine_length,apical_spine_orientation,apical_spine_prominence,basal_gland_coloration,basal_leaflet_length,base_size,cataphyll_coloration,cataphyll_length,cataphyll_width,female_cone_architecture,fibrous_layer_count,hair_architecture,hair_coloration,horn_length,lamina_architecture,lamina_length,lamina_width,lateral_spine_count,lateral_spine_length,leaf_base_coloration,leaf_base_count,leaf_base_duration,leaf_crown_count,leaf_external_texture,leaf_length,leaf_life_stage,leaf_orientation,leaf_reflectance,leaf_section_shape,leaflet_apex_shape,leaflet_architecture_or_shape,leaflet_base_shape,leaflet_external_texture,leaflet_length,leaflet_orientation,leaflet_position,leaflet_shape,lobe_count,lower_margin_shape,male_cone_architecture,margin_architecture,margin_half_shape,margin_length,margin_orientation,margin_third_shape,margin_width,maximum_base_size
Cycas_scratchleyana,0.006,NA,NA,0.03,upturned,prominent|rudimentary,NA,NA,0.0025,NA,0.1,NA,NA,present,branched|simple,NA,NA,NA,0.08,0.05|0.001,40,0.008,NA,NA,NA,NA,pubescent,3.1,young,NA,glossy,NA,NA,NA,NA,NA,NA,NA,NA,NA,NA,NA,NA,undulate,NA,NA,recurved,NA,NA,0.0025
Cycas_chamberlainii,0.005,NA,NA,0.04,upturned,prominent,NA,0.17,0.0025,NA,NA,NA,NA,absent,branched|simple,NA,NA,NA,0.05,0.05|0.001,20,0.017,NA,NA,NA,NA,pubescent,1.6,young,NA,bright|glossy|semiglossy,NA,NA,NA,NA,NA,NA,NA,NA,NA,NA,NA,NA,NA,NA,NA,recurved,NA,NA,0.0025
Cycas_taitungensis,0.006,deflexed,NA,NA,NA,NA,NA,0.03,0.0025,NA,NA,NA,NA,absent,branched|simple,NA,NA,NA,0.13,0.1|0.003,36,0.045,NA,NA,NA,NA,pubescent,1.8,young,NA,semiglossy,NA,NA,NA,NA,NA,NA,NA,NA,NA,NA,NA,NA,NA,NA,NA,recurved,NA,NA,0.0025
Cycas_apoa,NA,NA,NA,NA,upturned,prominent,NA,0.14,0.0025,NA,NA,NA,NA,present,branched|simple,NA,NA,NA,NA,NA,NA,NA,NA,NA,NA,NA,pubescent,2.5,young,NA,bright|glossy,NA,NA,NA,NA,NA,NA,NA,NA,NA,NA,NA,NA,undulate,NA,NA,NA,NA,NA,0.0025
Cycas_fugax,NA,NA,NA,0.005,upturned,prominent|rudimentary,NA,0.4,0.0025,NA,0.06,NA,NA,absent,branched|simple,NA,NA,NA,0.13,0.04|0.003,12,0.1,NA,NA,NA,NA,pubescent,4,young,NA,glossy|semiglossy,NA,NA,NA,NA,NA,NA,NA,NA,NA,NA,NA,NA,NA,NA,NA,NA,NA,NA,0.0025
Cycas_saxatilis,NA,NA,NA,NA,upturned,rudimentary,NA,0.23,0.003,NA,NA,NA,NA,NA,branched|simple,NA,NA,NA,NA,NA,NA,NA,NA,NA,NA,NA,pubescent,1.9,young,NA,bright|glossy,flat,NA,NA,NA,NA,NA,NA,NA,NA,NA,NA,NA,undulate,NA,NA,recurved,NA,NA,0.003
Cycas_aenigma,NA,NA,NA,0.14,spreading,prominent|raised,NA,0.23,0.003,NA,0.1,NA,NA,NA,branched|simple,NA,NA,NA,0.24,0.04|0.004,34,0.025,NA,NA,NA,NA,pubescent,2.9,young,NA,bright|glossy,NA,NA,NA,NA,NA,NA,NA,NA,NA,NA,NA,NA,undulate,NA,NA,recurved,NA,NA,0.003
Cycas_wadei,0.006,deflexed,NA,0.045,NA,NA,NA,NA,0.003,NA,NA,NA,NA,absent,branched|simple,NA,NA,NA,0.1|0.08,0.08,30,0.035|0.025,NA,NA,NA,NA,pubescent,1.3|1.32,young,NA,semiglossy,NA,NA,NA,NA,NA,NA,NA,NA,NA,NA,NA,NA,undulate,NA,NA,recurved,NA,NA,0.003
Cycas_changjiangensis,NA,NA,NA,0.03,NA,NA,NA,0.14,0.003,NA,0.09,NA,NA,absent,branched|simple,NA,NA,NA,0.11,0.06|0.002,32,0.032,NA,NA,NA,NA,pubescent,2.3,young,NA,bright|glossy,NA,NA,NA,NA,NA,NA,NA,NA,NA,NA,NA,NA,NA,NA,NA,recurved,NA,NA,0.003
Cycas_hainanensis,NA,NA,NA,0.03,NA,NA,NA,0.14,0.003,NA,0.09,NA,NA,absent,branched|simple,NA,NA,NA,0.11,0.06|0.002,32,0.032,NA,NA,NA,NA,pubescent,2.3,young,NA,bright|glossy,NA,NA,NA,NA,NA,NA,NA,NA,NA,NA,NA,NA,NA,NA,NA,recurved,NA,NA,0.003
Cycas_condaoensis,0.011,NA,NA,0.06,upturned,prominent,NA,0.12,0.003,NA,0.06,NA,NA,present,branched|simple,NA,NA,NA,0.12,0.075|0.002,32,0.018,NA,NA,NA,NA,pubescent,1.75,young,NA,bright|semiglossy,NA,NA,NA,NA,NA,NA,NA,NA,NA,NA,NA,NA,NA,NA,NA,recurved,NA,NA,0.003
Cycas_guizhouensis,0.005,NA,NA,0.045,NA,NA,NA,0.2,0.003,NA,0.08,NA,NA,absent,branched|simple,NA,NA,NA,0.07,0.08|0.004,33,0.045,NA,NA,NA,NA,pubescent,1.8,young,NA,semiglossy,NA,NA,NA,NA,NA,NA,NA,NA,NA,NA,NA,NA,NA,NA,NA,recurved,NA,NA,0.003
Cycas_pruinosa,0.014,deflexed,NA,0.045,upturned,prominent,NA,NA,0.003,NA,0.07,NA,NA,absent,branched|simple,NA,NA,NA,0.19,0.04|0.003,24,0.01,NA,NA,NA,NA,pubescent,1.25,young,NA,semiglossy|dull,NA,NA,NA,NA,NA,0.004,NA,NA,NA,NA,NA,NA,NA,NA,NA,NA,NA,NA,0.003
Cycas_lindstromii,0.004,NA,NA,0.03,upturned,rudimentary,NA,0.12,0.003,NA,0.05,NA,NA,present,branched|simple,NA,NA,NA,0.1,0.03|0.0025,26,0.015,NA,NA,NA,NA,pubescent,1,young,NA,bright|glossy,NA,NA,NA,NA,NA,NA,NA,NA,NA,NA,NA,NA,NA,NA,NA,NA,NA,NA,0.003
Cycas_petraea,0.007,NA,NA,0.085,upturned,prominent|raised,NA,0.12,0.003,NA,NA,NA,NA,present,branched|simple,NA,NA,NA,0.17,0.09|0.004,28,0.04,NA,NA,NA,NA,pubescent,2.3,young,NA,bright|glossy,NA,NA,NA,NA,NA,NA,NA,NA,NA,NA,NA,NA,NA,NA,NA,NA,NA,NA,0.003
Cycas_cairnsiana,0.015,deflexed,NA,0.02,upturned,prominent,NA,NA,0.003,NA,NA,NA,NA,absent,branched|simple,NA,NA,NA,0.07,0.025|0.001,32,0.001,NA,NA,NA,NA,pubescent,1.1,young,NA,dull,NA,NA,NA,NA,NA,NA,NA,NA,NA,NA,NA,NA,NA,NA,NA,NA,NA,NA,0.003
Cycas_aculeata,0.003,NA,NA,NA,NA,NA,NA,0.38,0.003,NA,0.1,NA,NA,NA,branched|simple,NA,NA,NA,NA,NA,NA,NA,NA,NA,NA,NA,pubescent,2.5,young,NA,glossy|semiglossy,NA,NA,NA,NA,NA,NA,NA,NA,NA,NA,NA,NA,NA,NA,NA,NA,NA,NA,0.003
Cycas_panzhihuaensis,0.011,deflexed,NA,0.004,deflexed,rudimentary,NA,0.07,0.003,NA,0.09,NA,NA,absent,branched|simple,NA,NA,NA,0.15,0.07|0.0025,40,0.04,NA,NA,NA,NA,pubescent,1.5,young,NA,semiglossy,NA,NA,NA,NA,NA,NA,NA,NA,NA,NA,NA,NA,NA,NA,NA,NA,NA,NA,0.003
Cycas_schumanniana,0.008,NA,NA,0.025,upturned,prominent,NA,0.11,0.0035,NA,0.08,NA,NA,absent,branched|simple,NA,NA,NA,0.1,0.05|0.001,40,0.006,NA,NA,NA,NA,pubescent,1.5,young,NA,bright|glossy,flat,NA,NA,NA,NA,NA,NA,NA,NA,NA,NA,NA,NA,NA,NA,recurved,NA,NA,0.0035
Cycas_campestris,0.005,NA,NA,0.03,upturned,prominent,NA,0.1,0.0035,NA,NA,NA,NA,absent,branched|simple,NA,NA,NA,0.05,0.04|0.001,38,0.009,NA,NA,NA,NA,pubescent,1.7,young,NA,bright|glossy,flat,NA,NA,NA,NA,NA,NA,NA,NA,NA,NA,NA,NA,NA,NA,recurved,NA,NA,0.0035
Cycas_pachypoda,0.012,NA,NA,0.04,upturned,prominent,NA,0.045,0.0035,NA,0.11,NA,NA,present,branched|simple,NA,NA,NA,0.12,0.07|0.002,36,0.02,NA,NA,NA,NA,pubescent,1.3,young,NA,semiglossy,flat,NA,NA,NA,NA,NA,NA,NA,NA,NA,NA,NA,NA,NA,NA,recurved,NA,NA,0.0035
Cycas_tropophylla,0.004,NA,NA,0.045,upturned,rudimentary,NA,0.08,0.0035,NA,0.05,NA,NA,absent,branched|simple,NA,NA,NA,0.12,0.065|0.003,34,0.035,NA,NA,NA,NA,pubescent,1.2,young,NA,semiglossy,NA,NA,NA,NA,NA,NA,NA,NA,NA,NA,NA,NA,NA,NA,NA,recurved,NA,NA,0.0035
Cycas_chamaoensis,0.009,NA,NA,0.035,upturned,prominent,NA,0.14,0.0035,NA,NA,NA,NA,present,branched|simple,NA,NA,NA,0.09,0.09|0.003,40,0.03,NA,NA,NA,NA,pubescent,2.55,young,NA,semiglossy,NA,NA,NA,NA,NA,NA,NA,NA,NA,NA,NA,NA,NA,NA,NA,recurved,NA,NA,0.0035
Cycas_tuckeri,0.007,NA,NA,0.03,upturned,prominent,NA,0.21,0.004,NA,0.07,NA,NA,absent,branched|simple,NA,NA,NA,0.065,0.05|0.002,36,0.004,NA,NA,NA,NA,pubescent,1.5,young,NA,semiglossy,NA,NA,NA,NA,NA,0.007,NA,NA,NA,NA,NA,NA,NA,NA,NA,recurved,NA,NA,0.004
Cycas_diannanensis,0.01,NA,NA,0.045,upturned,rudimentary,NA,0.24,0.004,NA,0.2,NA,NA,absent,branched|simple,NA,NA,NA,0.14,0.14|0.004,52,0.05,NA,NA,NA,NA,pubescent,3.3,young,NA,glossy,flat,NA,NA,NA,NA,NA,NA,NA,NA,NA,NA,NA,NA,NA,NA,recurved,NA,NA,0.004
Cycas_ferruginea,0.005,NA,NA,0.05,upturned,rudimentary,NA,0.19,0.004,NA,0.12,NA,NA,absent,branched|simple,NA,NA,NA,0.11,0.08|0.003,42,0.04,NA,NA,NA,NA,pubescent,2.1,young,NA,glossy|semiglossy,flat,NA,NA,NA,NA,NA,NA,NA,NA,NA,NA,NA,NA,NA,NA,recurved,NA,NA,0.004
Cycas_balansae,0.004,NA,NA,NA,NA,NA,NA,0.21,0.004,NA,0.07,NA,NA,absent,branched|simple,NA,NA,NA,0.06,0.055|0.003,24,0.04,NA,NA,NA,NA,pubescent,2.6,young,NA,semiglossy|glossy|semiglossy,flat,NA,NA,NA,NA,NA,NA,NA,NA,NA,NA,NA,NA,NA,NA,recurved,NA,NA,0.004
Cycas_megacarpa,0.007,deflexed,NA,0.02,upturned,prominent,NA,NA,0.004,NA,0.07,NA,NA,absent,branched|simple,NA,NA,NA,0.07,0.032|0.002,26,0.006,NA,NA,NA,NA,pubescent,1.1,young,NA,bright|glossy|semiglossy,NA,NA,NA,NA,NA,NA,NA,NA,NA,NA,NA,NA,NA,NA,NA,recurved,NA,NA,0.004
Cycas_badensis,0.015,NA,NA,0.025,upturned,prominent,NA,0.14,0.004,NA,0.09,NA,NA,absent,branched|simple,NA,NA,NA,0.055,0.03|0.002,24,0.004,NA,NA,NA,NA,pubescent,1.2,young,NA,bright|semiglossy,NA,NA,NA,NA,NA,NA,NA,NA,NA,NA,NA,NA,NA,NA,NA,recurved,NA,NA,0.004
Cycas_semota,0.017,NA,NA,0.04,NA,prominent|raised,NA,0.14,0.004,NA,0.08,NA,NA,absent,branched|simple,NA,NA,NA,0.075,0.028|0.002,46,0.007,NA,NA,NA,NA,pubescent,1.5,young,NA,bright|semiglossy,NA,NA,NA,NA,NA,NA,NA,NA,NA,NA,NA,NA,NA,NA,NA,recurved,NA,NA,0.004
Cycas_desolata,0.012,deflexed,NA,0.015,upturned,prominent,NA,NA,0.004,NA,0.045,NA,NA,absent,branched|simple,NA,NA,NA,0.032,0.025,NA,NA,NA,NA,NA,NA,pubescent,1.2,young,NA,dull,NA,NA,NA,NA,NA,NA,NA,NA,NA,NA,NA,NA,NA,NA,NA,recurved,NA,NA,0.004
Cycas_montana,NA,NA,NA,0.04,NA,NA,NA,0.23,0.004,NA,NA,NA,NA,present,branched|simple,NA,NA,NA,0.1,0.04|0.0015,40,0.013,NA,NA,NA,NA,pubescent,2.48,young,NA,glossy,NA,NA,NA,NA,NA,NA,NA,NA,NA,NA,NA,NA,NA,NA,NA,recurved,NA,NA,0.004
Cycas_falcata,NA,NA,NA,0.028,NA,NA,NA,NA,0.004,NA,0.07,NA,NA,absent,branched|simple,NA,NA,NA,0.07,0.032|0.001,28,0.012,NA,NA,NA,NA,pubescent,3,young,NA,glossy,NA,NA,NA,NA,NA,NA,NA,NA,NA,NA,NA,NA,NA,NA,NA,recurved,NA,NA,0.004
Cycas_platyphylla,0.01,deflexed,NA,0.025,upturned,prominent,NA,NA,0.004,NA,NA,NA,NA,absent,branched|simple,NA,NA,NA,0.08,0.037|0.001,36,0.002,NA,NA,NA,NA,pubescent,1.11,new,NA,glossy|semiglossy,NA,NA,NA,NA,NA,NA,NA,NA,NA,NA,NA,NA,NA,NA,NA,recurved,NA,NA,0.004
Cycas_tansachana,0.015,NA,NA,0.05,upturned,prominent,NA,0.16,0.004,NA,0.06,NA,NA,present,branched|simple,NA,NA,NA,0.14,0.07|0.0015,60,0.025,NA,NA,NA,NA,pubescent,1.8,young,NA,semiglossy,NA,NA,NA,NA,NA,NA,NA,NA,NA,NA,NA,NA,NA,NA,NA,recurved,NA,NA,0.004
Cycas_pectinata,0.008,NA,NA,0.075,upturned,prominent,NA,0.16,0.004,NA,NA,NA,NA,present,branched|simple,NA,NA,NA,0.18,0.13|0.003,50,0.075,NA,NA,NA,NA,pubescent,2.4,young,NA,semiglossy,NA,NA,NA,NA,NA,NA,NA,NA,NA,NA,NA,NA,NA,NA,NA,recurved,NA,NA,0.004
Cycas_brachycantha,0.003,NA,NA,NA,NA,NA,NA,0.2,0.004,NA,0.08,NA,NA,absent,branched|simple,NA,NA,NA,0.04,0.025|0.0025,22,0.025,NA,NA,NA,NA,pubescent,2.5,young,NA,glossy,flat,NA,NA,NA,NA,NA,NA,NA,NA,NA,NA,NA,undulate,NA,NA,NA,NA,NA,0.004
Cycas_yunnanensis,0.004,NA,NA,0.03,NA,NA,NA,0.23,0.004,NA,0.08,NA,NA,absent,branched|simple,NA,NA,NA,0.07,0.07|0.002,22,0.035,NA,NA,NA,NA,pubescent,3.5,young,NA,glossy,flat,NA,NA,NA,NA,NA,NA,NA,NA,NA,NA,NA,undulate,NA,NA,NA,NA,NA,0.004
Cycas_lane-poolei,0.01,NA,NA,0.02,upturned,prominent,NA,NA,0.004,NA,0.1,NA,NA,absent,branched|simple,NA,NA,NA,0.065,0.028|0.002,30,0.005,NA,NA,NA,NA,pubescent,1.1,aging,NA,bright glossy|semiglossy,flat,NA,NA,NA,NA,NA,NA,NA,NA,NA,NA,NA,NA,NA,NA,NA,NA,NA,0.004
Cycas_multifrondis,0.003,NA,NA,0.07,NA,NA,NA,NA,0.004,NA,0.09,NA,NA,absent,branched|simple,NA,NA,NA,0.1,0.05|0.003,15,0.05,NA,NA,NA,NA,pubescent,5,young,NA,bright|semiglossy,flat,NA,NA,NA,NA,NA,NA,NA,NA,NA,NA,NA,NA,NA,NA,NA,NA,NA,0.004
Cycas_chevalieri,NA,NA,NA,NA,NA,NA,NA,0.24,0.004,NA,0.07,NA,NA,absent,branched|simple,NA,NA,NA,0.055,0.05,25,0.04,NA,NA,NA,NA,pubescent,2.4,young,NA,glossy,flat,NA,NA,NA,NA,NA,NA,NA,NA,NA,NA,NA,NA,NA,NA,NA,NA,NA,0.004
Cycas_szechuanensis,NA,NA,NA,NA,NA,NA,NA,0.26,0.004,NA,0.06,NA,NA,NA,branched|simple,NA,NA,NA,0.1,0.11|0.004,34,0.05,NA,NA,NA,NA,pubescent,3.8,young,NA,glossy,flat,NA,NA,NA,NA,NA,NA,NA,NA,NA,NA,NA,NA,NA,NA,NA,NA,NA,0.004
Cycas_clivicola,0.006,NA,NA,0.075,upturned,prominent|raised,NA,0.2,0.004,NA,0.08,NA,NA,present,branched|simple,NA,NA,NA,0.14,0.095|0.004,54,0.04,NA,NA,NA,NA,pubescent,1.65,young,NA,semiglossy,flat,NA,NA,NA,NA,NA,NA,NA,NA,NA,NA,NA,NA,NA,NA,NA,NA,NA,0.004
Cycas_pranburiensis,0.02,NA,NA,0.04,NA,prominent|raised,NA,0.19,0.004,NA,0.05,NA,NA,present,branched|simple,NA,NA,NA,0.09,0.027|0.0015,24,0.003,NA,NA,NA,NA,pubescent,1.2,young,NA,bright|glossy,NA,NA,NA,NA,NA,NA,NA,NA,NA,NA,NA,NA,NA,NA,NA,NA,NA,NA,0.004
Cycas_nathorstii,NA,NA,NA,0.014,NA,prominent|raised,NA,NA,0.004,NA,0.05,NA,NA,present,branched|simple,NA,NA,NA,0.065,0.025|0.001,40,0.004,NA,NA,NA,NA,pubescent,1.8,young,NA,bright|semiglossy,NA,NA,NA,NA,NA,NA,NA,NA,NA,NA,NA,NA,NA,NA,NA,NA,NA,NA,0.004
Cycas_simplicipinna,0.006,NA,NA,NA,NA,NA,NA,0.3,0.004,NA,0.05,NA,NA,absent,branched|simple,NA,NA,NA,0.055,0.035|0.002,14,0.025,NA,NA,NA,NA,pubescent,2.5,young,NA,glossy,NA,NA,NA,NA,NA,NA,NA,NA,NA,NA,NA,NA,NA,NA,NA,NA,NA,NA,0.004
Cycas_macrocarpa,0.006,NA,NA,0.06,upturned,rudimentary|prominent|rudimentary,NA,0.25,0.004,NA,0.17,NA,NA,present,branched|simple,NA,NA,NA,0.1,0.045|0.0025,22,0.018,NA,NA,NA,NA,pubescent,3.2,young,NA,glossy,NA,NA,NA,NA,NA,NA,NA,NA,NA,NA,NA,NA,NA,NA,NA,NA,NA,NA,0.004
Cycas_calcicola,0.01,NA,NA,0.01,upturned,prominent,NA,NA,0.004,NA,NA,NA,NA,absent,branched|simple,NA,NA,NA,0.025,0.02|0.001,36,0.004,NA,NA,NA,NA,pubescent,1.3,young,NA,semiglossy,NA,NA,NA,NA,NA,NA,NA,NA,NA,NA,NA,NA,NA,NA,NA,NA,NA,NA,0.004
Cycas_nongnoochiae,0.007,NA,NA,0.025,upturned,prominent,NA,0.08,0.004,NA,NA,NA,NA,present,branched|simple,NA,NA,NA,0.1,0.07|0.002,52,0.024,NA,NA,NA,NA,pubescent,1.6,young,NA,semiglossy,NA,NA,NA,NA,NA,NA,NA,NA,NA,NA,NA,NA,NA,NA,NA,NA,NA,NA,0.004
Cycas_collina,NA,NA,NA,NA,NA,NA,NA,0.26,0.004,NA,0.08,NA,NA,absent,branched|simple,NA,NA,NA,0.06,0.03|0.002,12,0.03,NA,NA,NA,NA,pubescent,3.3,young,NA,semiglossy,NA,NA,NA,NA,NA,NA,NA,NA,NA,NA,NA,NA,NA,NA,NA,NA,NA,NA,0.004
Cycas_xipholepis,NA,NA,NA,0.024,NA,NA,NA,0.085,0.004,NA,0.12,NA,NA,absent,branched|simple,NA,NA,NA,0.065,0.03|0.001,34,0.007,NA,NA,NA,NA,pubescent,1.2,young,NA,semiglossy|glossy|semiglossy,NA,NA,NA,NA,NA,NA,NA,NA,NA,NA,NA,NA,NA,NA,NA,NA,NA,NA,0.004
Cycas_media,0.011,deflexed,NA,0.045,upturned,prominent,NA,0.15,0.0045,NA,0.12,NA,NA,absent,branched|simple,NA,NA,NA,0.1,0.032|0.003,32,0.01,NA,NA,NA,NA,pubescent,2.3,young,NA,glossy|semiglossy,flat,NA,NA,NA,NA,0.055,NA,NA,NA,NA,NA,NA,NA,NA,NA,recurved,NA,NA,0.0045
Cycas_couttsiana,0.012,deflexed,NA,0.025,upturned,prominent,NA,NA,0.0045,NA,NA,NA,NA,absent,branched|simple,NA,NA,NA,0.06,0.03|0.001,36,0.003,NA,NA,NA,NA,pubescent,1.3,young,NA,dull,NA,NA,NA,NA,NA,NA,NA,NA,NA,NA,NA,NA,NA,NA,NA,recurved,NA,NA,0.0045
Cycas_elephantipes,0.007,NA,NA,0.055,upturned,prominent|raised,NA,0.11,0.0045,NA,NA,NA,NA,present,branched|simple,NA,NA,NA,0.12,0.08|0.003,18,0.045,NA,NA,NA,NA,pubescent,1.6,young,NA,semiglossy,NA,NA,NA,NA,NA,NA,NA,NA,NA,NA,NA,NA,NA,NA,NA,recurved,NA,NA,0.0045
Cycas_maconochiei,0.008,NA,NA,0.01,upturned,prominent,NA,NA,0.0045,NA,0.08,NA,NA,absent,branched|simple,NA,NA,NA,0.06,0.022|0.001,36,0.004,NA,NA,NA,NA,pubescent,1.2,young,NA,semiglossy,NA,NA,NA,NA,NA,NA,NA,NA,NA,NA,NA,NA,NA,NA,NA,recurved|recurved,NA,NA,0.0045
Cycas_hongheensis,NA,NA,NA,NA,NA,NA,NA,0.095,0.0045,NA,0.05,NA,NA,NA,branched|simple,NA,NA,NA,NA,NA,NA,NA,NA,NA,NA,NA,pubescent,1,young,NA,dull,NA,NA,NA,NA,NA,NA,NA,NA,NA,NA,NA,NA,NA,NA,NA,recurved|recurved|recurved,NA,NA,0.0045
Cycas_inermis,NA,NA,NA,0.025,upturned,prominent,NA,NA,0.0045,NA,0.05,NA,NA,present,branched|simple,NA,NA,NA,0.07,0.07|0.0015,26,0.005,NA,NA,NA,NA,pubescent,3,young,NA,glossy,NA,NA,NA,NA,NA,NA,NA,NA,NA,NA,NA,NA,NA,NA,NA,NA,NA,NA,0.0045
Cycas_elongata,NA,NA,NA,0.055,NA,NA,NA,0.06,0.0045,NA,0.09,NA,NA,present,branched|simple,NA,NA,NA,0.18,0.07|0.002,38,0.025,NA,NA,NA,NA,pubescent,1.4,young,NA,semiglossy,NA,NA,NA,NA,NA,NA,NA,NA,NA,NA,NA,NA,NA,NA,NA,NA,NA,NA,0.0045
Cycas_glauca,NA,NA,NA,NA,NA,NA,NA,NA,0.0045,NA,NA,NA,NA,absent,branched|simple,NA,NA,NA,NA,NA,NA,NA,NA,NA,NA,NA,pubescent,NA,young,NA,NA,NA,NA,NA,NA,NA,NA,NA,NA,NA,NA,NA,NA,NA,NA,NA,NA,NA,NA,0.0045
Cycas_silvestris,0.006,NA,NA,0.026,upturned,prominent,NA,0.34,0.005,NA,0.13,NA,NA,absent,branched|simple,NA,NA,NA,0.085,0.045|0.002,36,0.004,NA,NA,NA,NA,pubescent,2,young,NA,glossy,NA,NA,NA,NA,NA,0.01,NA,NA,NA,NA,NA,NA,NA,NA,NA,recurved,NA,NA,0.005
Cycas_yorkiana,NA,NA,NA,0.016,NA,NA,NA,0.05,0.005,NA,0.08,NA,NA,absent,branched|simple,NA,NA,NA,0.1,0.032|0.002,32,0.006,NA,NA,NA,NA,pubescent,1.4,young,NA,bright|semiglossy,flat,NA,NA,NA,NA,NA,NA,NA,NA,NA,NA,NA,NA,NA,NA,recurved,NA,NA,0.005
Cycas_taiwaniana,NA,NA,NA,0.045,NA,NA,NA,NA,0.005,NA,0.13,NA,NA,absent,branched|simple,NA,NA,NA,0.12,0.07|0.002,52,0.042,NA,NA,NA,NA,pubescent,3,young,NA,glossy,flat,NA,NA,NA,NA,NA,NA,NA,NA,NA,NA,NA,NA,NA,NA,recurved,NA,NA,0.005
Cycas_arenicola,0.006,NA,NA,0.008,upturned,prominent,NA,NA,0.005,NA,NA,NA,NA,absent,branched|simple,NA,NA,NA,0.04,0.018000000000000002|0.001,26,0.001,NA,NA,NA,NA,pubescent,1.6,young,NA,bright|semiglossy,NA,NA,NA,NA,NA,NA,NA,NA,NA,NA,NA,NA,NA,NA,NA,recurved,NA,NA,0.005
Cycas_brunnea,0.015,NA,NA,0.032,upturned,prominent,NA,NA,0.005,NA,NA,NA,NA,absent,branched|simple,NA,NA,NA,0.08,0.022|0.001,30,0.002,NA,NA,NA,NA,pubescent,1.7,young,NA,dull,NA,NA,NA,NA,NA,NA,NA,NA,NA,NA,NA,NA,NA,NA,NA,recurved,NA,NA,0.005
Cycas_ophiolitica,0.015,deflexed,NA,0.02,upturned,prominent,NA,NA,0.005,NA,NA,NA,NA,absent,branched|simple,NA,NA,NA,0.07,0.03|0.001,36,0.005,NA,NA,NA,NA,pubescent,1.4,new,NA,semiglossy,NA,NA,NA,NA,NA,NA,NA,NA,NA,NA,NA,NA,NA,NA,NA,recurved,NA,NA,0.005
Cycas_siamensis,0.008,NA,NA,0.045,upturned,prominent,NA,0.05,0.005,NA,0.07,NA,NA,present,branched|simple,NA,NA,NA,0.11,0.08|0.002,46,0.035,NA,NA,NA,NA,pubescent,1.2,young,NA,semiglossy,NA,NA,NA,NA,NA,NA,NA,NA,NA,NA,NA,NA,NA,NA,NA,recurved,NA,NA,0.005
Cycas_arnhemica,0.009,NA,NA,0.008,upturned,prominent,NA,NA,0.005,NA,NA,NA,NA,absent,branched|simple,NA,NA,NA,0.07,0.022|0.001,26,0.003,NA,NA,NA,NA,pubescent,1.6,young,NA,semiglossy,NA,NA,NA,NA,NA,NA,NA,NA,NA,NA,NA,NA,NA,NA,NA,recurved,NA,NA,0.005
Cycas_angulata,0.02,NA,NA,0.038,upturned,prominent,NA,NA,0.005,NA,0.13,NA,NA,absent,branched|simple,NA,NA,NA,0.105,0.035|0.001,50,0.002,NA,NA,NA,NA,pubescent,1.7,young,NA,semiglossy,NA,NA,NA,NA,NA,NA,NA,NA,NA,NA,NA,NA,NA,NA,NA,recurved,NA,NA,0.005
Cycas_thouarsii,NA,NA,NA,0.035,upturned,prominent,NA,0.17,0.005,NA,NA,NA,NA,absent,branched|simple,NA,NA,NA,0.1,0.025,16,0.002,NA,NA,NA,NA,pubescent,2.1,young,NA,semiglossy,NA,NA,NA,NA,NA,NA,NA,NA,NA,NA,NA,NA,NA,NA,NA,recurved,NA,NA,0.005
Cycas_sundaica,0.01,NA,NA,0.5,NA,raised,NA,NA,0.005,NA,0.1,NA,NA,absent,branched|simple,NA,NA,NA,0.08,0.043000000000000003|0.0015,30,0.012,NA,NA,NA,NA,pubescent,2.75,young,NA,NA,NA,NA,NA,NA,NA,NA,NA,NA,NA,NA,NA,NA,NA,NA,NA,recurved,NA,NA,0.005
Cycas_armstrongii,0.006,NA,NA,0.025,upturned,prominent,NA,NA,0.005,NA,NA,NA,NA,absent,branched|simple,NA,NA,NA,0.07,0.035|0.002,28,0.004,NA,NA,NA,NA,pubescent,0.9,young,NA,highly glossy|bright|semiglossy|glossy,flat,NA,NA,NA,NA,NA,NA,NA,NA,NA,NA,NA,NA,NA,NA,NA,NA,NA,0.005
Cycas_canalis,0.014,NA,NA,0.03,upturned,prominent,NA,NA,0.005,NA,0.09,NA,NA,absent,branched|simple,NA,NA,NA,0.06,0.032|0.002,20,0.006,NA,NA,NA,NA,pubescent,1.05,young,NA,semiglossy,flat,NA,NA,NA,NA,NA,NA,NA,NA,NA,NA,NA,NA,NA,NA,NA,NA,NA,0.005
Cycas_orientis,0.006,deflexed,NA,0.063,upturned,prominent,NA,NA,0.005,NA,0.008,NA,NA,absent,branched|simple,NA,NA,NA,0.09,0.025|0.001,24,0.005,NA,NA,NA,NA,pubescent,1.25,young,NA,bright|glossy,NA,NA,NA,NA,NA,NA,NA,NA,NA,NA,NA,NA,NA,NA,NA,NA,NA,NA,0.005
Cycas_hoabinhensis,0.002,NA,NA,0.01,upturned,prominent|rudimentary,NA,0.25,0.005,NA,0.07,NA,NA,absent,branched|simple,NA,NA,NA,0.03,0.02|0.0025,10,0.02,NA,NA,NA,NA,pubescent,1.3,young,NA,bright|glossy,NA,NA,NA,NA,NA,NA,NA,NA,NA,NA,NA,NA,NA,NA,NA,NA,NA,NA,0.005
Cycas_micronesica,0.01,NA,NA,0.015,upturned,rudimentary,NA,NA,0.0055,NA,NA,NA,NA,absent,branched|simple,NA,NA,NA,0.05,0.04,20,0.006,NA,NA,NA,NA,pubescent,1.6,young,NA,glossy,NA,NA,NA,NA,NA,NA,NA,NA,NA,NA,NA,NA,NA,NA,NA,recurved,NA,NA,0.0055
Cycas_conferta,0.009,NA,NA,0.008,upturned,prominent,NA,NA,0.0055,NA,0.09,NA,NA,absent,branched|simple,NA,NA,NA,0.075,0.03|0.001,24,0.003,NA,NA,NA,NA,pubescent,1.1,young,NA,bright|dull,flat,NA,NA,NA,NA,NA,NA,NA,NA,NA,NA,NA,NA,NA,NA,NA,NA,NA,0.0055
Cycas_papuana,0.007,NA,NA,0.005,upturned,rudimentary,NA,0.09,0.0055,NA,NA,NA,NA,absent,branched|simple,NA,NA,NA,NA,NA,NA,NA,NA,NA,NA,NA,pubescent,1.3,young,NA,bright|semiglossy,NA,NA,NA,NA,NA,NA,NA,NA,NA,NA,NA,NA,NA,NA,NA,NA,NA,NA,0.0055
Cycas_sexseminifera,0.004,NA,NA,0.04,upturned,rudimentary,NA,0.11,0.006,NA,0.09,NA,NA,absent,branched|simple,NA,NA,NA,0.09,0.045|0.0025,40,0.04,NA,NA,NA,NA,pubescent,1.1,young,NA,semiglossy,flat,NA,NA,NA,NA,NA,NA,NA,NA,NA,NA,NA,NA,NA,NA,recurved,NA,NA,0.006
Cycas_javana,NA,NA,NA,0.03,upturned,prominent,NA,NA,0.006,NA,NA,NA,NA,absent,branched|simple,NA,NA,NA,0.095,0.021|0.001,30,0.002,NA,NA,NA,NA,pubescent,0.006,young,NA,bright|glossy,NA,NA,NA,NA,NA,NA,NA,NA,NA,NA,NA,NA,NA,NA,NA,recurved,NA,NA,0.006
Cycas_furfuracea,0.018,deflexed,NA,0.065,upturned,prominent,NA,0.001,0.006,NA,NA,NA,NA,absent,branched|simple,NA,NA,NA,0.095,0.022|0.003,20,0.005,NA,NA,NA,NA,pubescent,1.5,young,NA,dull,NA,NA,NA,NA,NA,NA,NA,NA,NA,NA,NA,NA,NA,NA,NA,recurved,NA,NA,0.006
Cycas_dolichophylla,0.004,NA,NA,0.003,upturned,rudimentary,NA,0.24,0.006,NA,0.12,NA,NA,absent,branched|simple,NA,NA,NA,0.12,0.1|0.003,26,0.05,NA,NA,NA,NA,pubescent,4.5,young,NA,glossy,NA,NA,NA,NA,NA,NA,NA,NA,NA,NA,NA,NA,undulate,NA,NA,NA,NA,NA,0.006
Cycas_basaltica,0.013,deflexed,NA,0.035,upturned,prominent,NA,0.001,0.0065,NA,0.13,NA,NA,absent,branched|simple,NA,NA,NA,0.09,0.019|0.003,20,0.004,NA,NA,NA,NA,pubescent,1.25,young,NA,semiglossy,NA,NA,NA,NA,NA,NA,NA,NA,NA,NA,NA,NA,NA,NA,NA,recurved,NA,NA,0.0065
Cycas_seemannii,0.005,NA,NA,0.02,upturned,rudimentary,NA,0.15,0.007,NA,NA,NA,NA,absent,branched|simple,NA,NA,NA,0.085,0.04|0.002,30,0.008,NA,NA,NA,NA,pubescent,2,young,NA,semiglossy,NA,NA,NA,NA,NA,NA,NA,NA,NA,NA,NA,NA,undulate,NA,NA,recurved,NA,NA,0.007
Cycas_rumphii,NA,NA,NA,0.025,upturned,rudimentary,NA,0.19,0.007,NA,NA,NA,NA,absent,branched|simple,NA,NA,NA,0.075,0.035|0.002,12,0.001,NA,NA,NA,NA,pubescent,2.5,young,NA,bright|glossy,NA,NA,NA,NA,NA,NA,NA,NA,NA,NA,NA,NA,NA,NA,NA,recurved,NA,NA,0.007
Cycas_segmentifida,0.003,NA,NA,0.125,NA,NA,NA,0.29,0.007,NA,0.1,NA,NA,absent,branched|simple,NA,NA,NA,0.13,0.12|0.003,44,0.07,NA,NA,NA,NA,pubescent,2.8,young,NA,glossy,NA,NA,NA,NA,NA,NA,NA,NA,NA,NA,NA,NA,NA,NA,NA,NA,NA,NA,0.007
Cycas_litoralis,0.009,NA,NA,0.04,upturned,prominent,NA,0.26,0.008,NA,NA,NA,NA,absent,branched|simple,NA,NA,NA,0.12,0.04|0.001,14,0.001,NA,NA,NA,NA,pubescent,2.3,young,NA,bright|glossy,NA,NA,NA,NA,NA,NA,NA,NA,NA,NA,NA,NA,NA,NA,NA,recurved,NA,NA,0.008
Microcycas_calocoma,NA,NA,NA,NA,NA,NA,coloured,NA,NA,NA,0.12,NA,sessile,NA,branched|simple,coloured,NA,NA,NA,thickened,NA,NA,NA,NA,persistent,NA,pubescent,1.2,young,NA,NA,NA,NA,NA,NA,NA,NA,NA,NA,entire,NA,NA,sessile,NA,NA,0.25,NA,NA,0.01,NA
Zamia_herrerae,NA,NA,NA,NA,NA,NA,coloured,NA,NA,NA,0.02,NA,stalked|sessile,NA,branched|simple,coloured,NA,NA,NA,thickened,NA,NA,NA,NA,persistent,NA,pubescent,1.5,young,NA,NA,NA,NA,NA,NA,NA,NA,NA,NA,NA,NA,NA,stalked|sessile,spiny,toothed,0.25,NA,NA,0.015,NA
Zamia_inermis,NA,NA,NA,NA,NA,NA,coloured,NA,NA,NA,0.06,0.015,stalked|sessile,NA,branched|simple,coloured,NA,NA,NA,thickened,NA,NA,NA,NA,persistent,NA,pubescent,1,young,erect,NA,NA,NA,NA,NA,NA,NA,NA,NA,linear_lanceolate|attenuate|acute|concave,NA,NA,stalked|sessile,spiny,NA,0.3,NA,NA,0.015,NA
Zamia_Chigua,NA,NA,NA,NA,NA,NA,coloured,NA,NA,NA,0.06,0.03,stalked|sessile,NA,branched|simple,coloured,NA,NA,NA,thickened,NA,NA,NA,NA,persistent,NA,pubescent,3,young,NA,NA,NA,NA,NA,NA,membranous|chartaceous|membranous,NA,NA,NA,long_lanceolate|subfalcate,NA,NA,stalked|sessile,spiny,NA,0.3,NA,NA,0.015,NA
Zamia_loddigesii,NA,NA,NA,NA,NA,NA,coloured,NA,NA,NA,0.06,0.02,stalked|sessile,NA,branched|simple,coloured,NA,NA,NA,thickened,NA,NA,NA,NA,persistent,NA,pubescent,1.5,young,erect|recurved,NA,NA,NA,NA,NA,coriaceous|subcoriaceous|coriaceous,NA,NA,NA,ovate_oblong|linear_lanceolate|ovate_oblong,NA,NA,stalked|sessile,spiny,NA,0.37,NA,NA,0.02,NA
Zamia_acuminata,NA,NA,NA,NA,NA,NA,coloured,NA,NA,NA,NA,NA,stalked|sessile,NA,branched|simple,coloured,NA,NA,NA,thickened,NA,NA,NA,NA,persistent,NA,pubescent,NA,young,NA,NA,NA,NA,NA,NA,subcoriaceous,NA,NA,NA,elliptic_lanceolate|cuneate|acuminate,NA,NA,stalked|sessile,spiny,NA,0.3,NA,NA,0.03,NA
Zamia_standleyi,NA,NA,NA,NA,NA,NA,coloured,NA,NA,NA,0.06|0.12,0.027999999999999997|0.015,stalked|sessile,NA,branched|simple,coloured,NA,NA,NA,thickened,NA,NA,NA,NA,persistent,NA,pubescent,1,young,recurved,NA,NA,NA,NA,NA,coriaceous|subcoriaceous|coriaceous,NA,NA,NA,long_lanceolate,NA,NA,stalked|sessile,spiny,NA,0.45,NA,NA,0.04,NA
Zamia_pseudoparasitica,NA,NA,NA,NA,NA,NA,coloured,NA,NA,NA,NA,NA,stalked|sessile,NA,branched|simple,coloured,NA,NA,NA,thickened,NA,NA,NA,NA,persistent,NA,pubescent,3,young,NA,NA,NA,NA,NA,NA,NA,NA,NA,NA,oblanceolate|subfalcate|acute,NA,NA,stalked|sessile,spiny,NA,0.5,NA,NA,0.04,NA
Zamia_cremnophila,NA,NA,NA,NA,NA,NA,coloured,NA,NA,NA,0.05,0.02,stalked|sessile,NA,branched|simple,coloured,NA,NA,NA,thickened,NA,NA,NA,NA,persistent,NA,pubescent,2.5,young,NA,NA,NA,NA,NA,NA,NA,NA,NA,NA,oblong|linear_lanceolate|oblong|cuneate|acute,NA,NA,stalked|sessile,spiny,toothed,0.4,NA,NA,0.05,NA
Zamia_obliqua,NA,NA,NA,NA,NA,NA,coloured,NA,NA,NA,0.05,0.03,stalked|sessile,NA,branched|simple,coloured,NA,NA,NA,thickened,NA,NA,NA,NA,persistent,NA,pubescent,2.5,young,NA,NA,NA,NA,NA,NA,NA,NA,NA,NA,obovate|elliptic|obovate|cuneate|acuminate,NA,NA,stalked|sessile,spiny,NA,0.1,NA,serrulate,0.06,NA
Zamia_urep,NA,NA,NA,NA,NA,NA,coloured,NA,NA,NA,0.04,0.008,stalked|sessile,NA,branched|simple,coloured,NA,NA,NA,thickened,NA,NA,NA,NA,persistent,NA,pubescent,70,young,NA,NA,NA,NA,NA,NA,corieacous,NA,NA,NA,elliptic|lanceolate|elliptic|cuneate|acuminate,NA,NA,stalked|sessile,spiny,NA,0.2,NA,serrulate,0.06,NA
Zamia_prasina,NA,NA,NA,NA,NA,NA,coloured,NA,NA,NA,0.04,0.025,stalked|sessile,NA,branched|simple,coloured,NA,NA,NA,thickened,NA,NA,NA,NA,persistent,NA,pubescent,1,young,NA,NA,NA,NA,NA,NA,NA,NA,NA,NA,oblong|oblanceolate|cuneate|acute|acuminate,NA,NA,stalked|sessile,spiny,NA,0.2,NA,NA,0.06,NA
Zamia_monticola,NA,NA,NA,NA,NA,NA,coloured,NA,NA,NA,0.06,0.02,stalked|sessile,NA,branched|simple,coloured,NA,NA,NA,thickened,NA,NA,NA,NA,persistent,NA,pubescent,2,young,erect|curved,NA,NA,NA,NA,subfalcate,NA,NA,NA,NA,linear_lanceolate|acuminate,NA,NA,stalked|sessile,spiny,NA,0.3,NA,NA,0.06,NA
Zamia_gentryi,NA,NA,NA,NA,NA,NA,coloured,NA,NA,NA,0.12,NA,stalked|sessile,NA,branched|simple,coloured,NA,NA,NA,thickened,NA,NA,NA,NA,persistent,NA,pubescent,2.5,young,NA,NA,NA,NA,NA,NA,membranous|chartaceous|membranous,NA,NA,NA,long_lanceolate|subfalcate,NA,NA,stalked|sessile,spiny,NA,0.4,NA,NA,0.06,NA
Zamia_lacandona,NA,NA,NA,NA,NA,NA,coloured,NA,NA,NA,NA,NA,stalked|sessile,NA,branched|simple,coloured,NA,NA,NA,thickened,NA,NA,NA,NA,persistent,NA,pubescent,1,young,recurved,NA,NA,NA,NA,NA,subcoriaceous|chartaceous|subcoriaceous,NA,NA,NA,slightly obovate|linear_lanceolate|obovate|subfalcate|acuminate,NA,NA,stalked|sessile,spiny,denticulate,0.42,NA,NA,0.06,NA
Zamia_manicata,NA,NA,NA,NA,NA,NA,coloured,NA,NA,NA,0.08,0.02,stalked|sessile,NA,branched|simple,coloured,NA,NA,NA,thickened,NA,NA,NA,NA,persistent,NA,pubescent,2,young,NA,NA,NA,NA,NA,NA,NA,NA,NA,NA,long_elliptic|oblong|long_elliptic,NA,NA,stalked|sessile,spiny,NA,0.35,NA,serrate,0.07,NA
Zamia_montana,NA,NA,NA,NA,NA,NA,coloured,NA,NA,NA,0.05,0.03,stalked|sessile,NA,branched|simple,coloured,NA,NA,NA,thickened,NA,NA,NA,NA,persistent,NA,pubescent,2,young,NA,NA,NA,NA,NA,NA,NA,NA,NA,NA,oblong_lanceolate|cuneate|acuminate,NA,NA,stalked|sessile,spiny,NA,0.3,NA,serrulate,0.07,NA
Zamia_purpurea,NA,NA,NA,NA,NA,NA,coloured,NA,NA,NA,NA,NA,stalked|sessile,NA,branched|simple,coloured,NA,NA,NA,thickened,NA,NA,NA,NA,persistent,NA,pubescent,1,young,NA,NA,NA,NA,NA,NA,NA,NA,NA,NA,NA,NA,NA,stalked|sessile,spiny,serrate,0.25,NA,NA,0.08,NA
Zamia_dressleri,NA,NA,NA,NA,NA,NA,coloured,NA,NA,NA,0.02,0.03,stalked|sessile,NA,branched|simple,coloured,NA,NA,NA,thickened,NA,NA,NA,NA,persistent,NA,pubescent,1.5,young,NA,NA,NA,NA,NA,NA,NA,NA,NA,NA,cuneate|acuminate,NA,NA,stalked|sessile,spiny,NA,0.5,NA,serrate,0.15,NA
Zamia_wallisii,NA,NA,NA,NA,NA,NA,coloured,NA,NA,NA,0.02,0.03,stalked|sessile,NA,branched|simple,coloured,NA,NA,NA,thickened,NA,NA,NA,NA,persistent,NA,pubescent,1.5,young,NA,NA,NA,NA,NA,NA,NA,NA,NA,NA,cuneate|acuminate,NA,NA,stalked|sessile,spiny,NA,0.5,NA,serrate,0.15,NA
Zamia_amplifolia,NA,NA,NA,NA,NA,NA,coloured,NA,NA,NA,0.03,0.02,stalked|sessile,NA,branched|simple,coloured,NA,NA,NA,thickened,NA,NA,NA,NA,persistent,NA,pubescent,2,young,NA,NA,NA,NA,NA,NA,NA,NA,NA,NA,cuneate|acuminate,NA,NA,stalked|sessile,spiny,NA,0.5,NA,NA,0.15,NA
Zamia_roezlii,NA,NA,NA,NA,NA,NA,coloured,NA,NA,NA,NA,NA,stalked|sessile,NA,branched|simple,coloured,NA,NA,NA,thickened,NA,NA,NA,NA,persistent,NA,pubescent,3,young,NA,NA,NA,NA,NA,NA,NA,NA,NA,NA,linear_lanceolate|falcate|cuneate|acute,NA,NA,stalked|sessile,spiny,NA,0.5,NA,NA,0.15,NA
Zamia_skinneri,NA,NA,NA,NA,NA,NA,coloured,NA,NA,NA,NA,NA,stalked|sessile,NA,branched|simple,coloured,NA,NA,NA,thickened,NA,NA,NA,NA,persistent,NA,pubescent,2,young,NA,NA,NA,NA,NA,NA,NA,NA,NA,NA,cuneate|acuminate,NA,NA,stalked|sessile,spiny,NA,0.5,NA,serrate,0.18,NA
Encephalartos_aplanatus,NA,NA,NA,NA,NA,NA,coloured,NA,NA,NA,NA,NA,stalked,NA,branched|simple,NA,NA,NA,NA,thickened,NA,NA,NA,many,persistent,NA,pubescent,3.5,young,NA,glossy,flat,NA,NA,NA,NA,NA,NA,NA,linear|lanceolate|lobed|obtuse,NA,toothed,stalked|sessile,twisted|undulate,NA,NA,incurved,NA,NA,NA
Macrozamia_pauliguiliemi,NA,NA,0.03,0.025,NA,NA,paler|coloured,NA,NA,NA,NA,NA,stalked,NA,branched|simple,NA,NA,simple,NA,thickened,NA,NA,NA,many|few|many,persistent,6,pubescent,0.9,young,NA,bright|glossy,NA,NA,NA,NA,NA,NA,NA,NA,divided,NA,NA,stalked,NA,NA,NA,incurved,NA,NA,NA
Macrozamia_parcifolia,NA,NA,0.027,0.028,NA,NA,paler|coloured,NA,NA,NA,NA,NA,stalked,NA,branched|simple,NA,NA,simple,NA,thickened,NA,NA,NA,many|few|many,persistent,4,pubescent,0.95,young,NA,bright|glossy,NA,NA,NA,NA,NA,NA,NA,NA,divided,NA,NA,stalked,NA,NA,NA,incurved,NA,NA,NA
Macrozamia_crassifolia,NA,NA,0.035,0.004,NA,NA,paler|coloured,NA,NA,NA,NA,NA,stalked,NA,branched|simple,NA,NA,simple,NA,thickened,NA,NA,NA,many|few|many,persistent,5,pubescent,1.1,young,NA,glossy,NA,NA,NA,NA,NA,NA,NA,NA,divided,NA,NA,stalked,NA,NA,NA,incurved,NA,NA,NA
Macrozamia_occidua,NA,NA,0.03,0.02,NA,NA,paler|coloured,NA,NA,NA,NA,NA,stalked,NA,branched|simple,NA,NA,simple,NA,thickened,NA,NA,NA,many|few|many,persistent,5,pubescent,0.75,young,NA,semiglossy,NA,NA,NA,NA,NA,NA,NA,NA,divided,NA,NA,stalked,NA,NA,NA,incurved,NA,NA,NA
Macrozamia_cranei,NA,NA,0.04,0.01,NA,NA,paler|coloured,NA,NA,NA,NA,NA,stalked,NA,branched|simple,NA,NA,simple,NA,thickened,NA,NA,NA,many|few|many,persistent,5,pubescent,0.9,young,NA,semiglossy,NA,NA,NA,NA,NA,NA,NA,NA,divided,NA,NA,stalked,NA,NA,NA,incurved,NA,NA,NA
Macrozamia_concinna,NA,NA,0.045,0.03,NA,NA,paler|coloured,NA,NA,NA,NA,NA,stalked,NA,branched|simple,NA,NA,simple,NA,thickened,NA,NA,NA,many|few|many,persistent,5,pubescent,0.9,young,NA,semiglossy,NA,NA,NA,NA,NA,NA,NA,NA,divided,NA,NA,stalked,NA,NA,NA,incurved,NA,NA,NA
Macrozamia_machinii,NA,NA,0.05,0.02,NA,NA,paler|coloured,NA,NA,NA,NA,NA,stalked,NA,branched|simple,NA,NA,simple,NA,thickened,NA,NA,NA,many|few|many,persistent,8,pubescent,0.9,young,NA,semiglossy,NA,NA,NA,NA,NA,NA,NA,NA,divided,NA,NA,stalked,NA,NA,NA,incurved,NA,NA,NA
Macrozamia_plurinervia,NA,NA,0.045,0.025,NA,NA,paler|coloured,NA,NA,NA,NA,NA,stalked,NA,branched|simple,NA,NA,simple,NA,thickened,NA,NA,NA,many|few|many,persistent,7,pubescent,1.15,young,NA,semiglossy,NA,NA,NA,NA,NA,NA,NA,NA,divided,NA,NA,stalked,NA,NA,NA,incurved,NA,NA,NA
Macrozamia_conferta,NA,NA,0.0032,0.01,NA,NA,paler|coloured,NA,NA,NA,NA,NA,stalked,NA,branched|simple,NA,NA,simple,NA,thickened,NA,NA,NA,many|few|many,persistent,5,pubescent,0.6,young,NA,semiglossy|bright|glossy|semiglossy,NA,NA,NA,NA,NA,NA,NA,NA,divided,NA,NA,stalked,NA,NA,NA,incurved,NA,NA,NA
Macrozamia_flexuosa,NA,NA,0.055,0.035,NA,NA,paler|coloured,NA,NA,NA,NA,NA,stalked,NA,branched|simple,NA,NA,simple,NA,thickened,NA,NA,NA,many|few|many,persistent,6,pubescent,1,young,NA,semiglossy|bright|glossy|semiglossy,NA,NA,NA,NA,NA,NA,NA,NA,divided,NA,NA,stalked,NA,NA,NA,incurved,NA,NA,NA
Macrozamia_fearnsidei,NA,NA,0.027,0.02,NA,NA,paler|coloured,NA,NA,NA,NA,NA,stalked,NA,branched|simple,NA,NA,simple,NA,thickened,NA,NA,NA,many|few|many,persistent,12,pubescent,1.4,young,NA,semiglossy|glossy|semiglossy,NA,NA,NA,NA,NA,NA,NA,NA,divided,NA,NA,stalked,NA,NA,NA,incurved,NA,NA,NA
Ceratozamia_zaragoae,NA,NA,0.025,NA,NA,NA,coloured,NA,NA,NA,NA,NA,stalked|sessile,NA,unbranched,coloured,NA,NA,NA,thickened,NA,NA,NA,NA,persistent,5,pubescent,1,new,NA,glossy,NA,NA,symmetric,NA,leathery,NA,NA,NA,falcate,NA,NA,stalked,NA,NA,NA,incurved,NA,NA,NA
Ceratozamia_mirandai,NA,NA,0.025,NA,NA,NA,coloured,NA,NA,brown,0.08,NA,stalked|sessile,NA,unbranched,coloured,0.003,NA,NA,thickened,NA,NA,dark,NA,persistent,23,pubescent,1.18,new,NA,glossy,NA,NA,symmetric,NA,leathery,NA,NA,NA,falcate,NA,NA,stalked,NA,NA,NA,incurved,NA,NA,NA
Ceratozamia_norstogii,NA,NA,0.052,NA,NA,NA,coloured,NA,NA,NA,NA,NA,stalked|sessile,NA,unbranched,coloured,0.006,NA,NA,thickened,NA,NA,NA,NA,persistent,15,pubescent,1.35,new,NA,semiglossy,NA,NA,symmetric,NA,leathery,NA,NA,NA,falcate,NA,NA,stalked,NA,NA,NA,incurved,NA,NA,NA
Ceratozamia_sabatoi,NA,NA,0.028,NA,NA,NA,coloured,NA,NA,NA,0.045,NA,stalked|sessile,NA,unbranched,coloured,NA,NA,NA,thickened,NA,NA,dark,NA,persistent,6,pubescent,0.8,new,NA,NA,NA,NA,symmetric,NA,leathery,NA,NA,NA,falcate,NA,NA,stalked,NA,NA,NA,incurved,NA,NA,NA
Ceratozamia_mixeorum,NA,NA,0.05,NA,NA,NA,coloured,NA,NA,NA,NA,NA,stalked|sessile,NA,unbranched,coloured,0.005,NA,NA,thickened,NA,NA,light,NA,persistent,33,pubescent,1.98,new,NA,NA,NA,NA,symmetric,NA,leathery,NA,NA,NA,falcate,NA,NA,stalked,NA,NA,NA,incurved,NA,NA,NA
Ceratozamia_morettii,NA,NA,NA,NA,NA,NA,coloured,NA,NA,NA,0.026,NA,stalked|sessile,NA,unbranched,coloured,NA,NA,NA,thickened,NA,NA,NA,NA,persistent,7,pubescent,1.4,new,NA,dull,NA,NA,asymmetric,NA,membranous,NA,NA,NA,falcate,NA,NA,stalked,NA,NA,NA,incurved,NA,NA,NA
Encephalartos_heenanii,NA,NA,NA,NA,NA,NA,coloured,NA,NA,NA,NA,NA,stalked,NA,branched|simple,NA,NA,NA,NA,thickened,NA,NA,NA,many,persistent,NA,pubescent,1.25,young,NA,semiglossy,NA,NA,NA,NA,NA,NA,NA,NA,lanceolate|lobed|obtuse,NA,entire,stalked|sessile,NA,NA,NA,incurved,NA,NA,NA
Encephalartos_brevifoliolatus,NA,NA,NA,NA,NA,NA,coloured,NA,NA,NA,NA,NA,stalked,NA,branched|simple,NA,NA,NA,NA,thickened,NA,NA,NA,many,persistent,NA,pubescent,1.2,young,NA,semiglossy,NA,NA,NA,NA,NA,NA,NA,NA,lanceolate|lobed|obtuse|acute,NA,entire,stalked|sessile,NA,NA,NA,incurved,NA,NA,NA
Encephalartos_longifolius,NA,NA,NA,NA,NA,NA,coloured,NA,NA,NA,NA,NA,stalked,NA,branched|simple,NA,NA,NA,NA,thickened,NA,NA,NA,many,persistent,NA,pubescent,2,young,NA,semiglossy,NA,NA,NA,NA,NA,NA,NA,NA,lanceolate|lobed|with 1-2 lobes|obtuse,2,entire|toothed,stalked|sessile,NA,NA,NA,incurved,NA,NA,NA
Encephalartos_ferox,NA,NA,NA,NA,NA,NA,coloured,NA,NA,NA,NA,NA,stalked,NA,branched|simple,NA,NA,NA,NA,thickened,NA,NA,NA,many,persistent,NA,pubescent,2,young,NA,glossy,flat,NA,NA,NA,NA,NA,horizontal,NA,ovate|obtuse,3,toothed,stalked|sessile,NA,NA,NA,incurved,NA,NA,NA
Encephalartos_equatorialis,NA,NA,NA,NA,NA,NA,coloured,NA,NA,NA,NA,NA,stalked,NA,branched|simple,NA,NA,NA,NA,thickened,NA,NA,NA,many,persistent,NA,pubescent,4,young,NA,glossy,NA,NA,NA,NA,NA,NA,NA,NA,lanceolate|lobed|acute,NA,toothed,stalked|sessile,NA,NA,NA,incurved,NA,NA,NA
Encephalartos_sclavoi,NA,NA,NA,NA,NA,NA,coloured,NA,NA,NA,NA,NA,stalked,NA,branched|simple,NA,NA,NA,NA,thickened,NA,NA,NA,many,persistent,NA,pubescent,2,young,NA,semiglossy,flat,NA,NA,NA,NA,NA,NA,NA,lanceolate|lobed|obtuse,NA,toothed,stalked|sessile,NA,NA,NA,incurved,NA,NA,NA
Encephalartos_villosus,NA,NA,NA,NA,NA,NA,coloured,NA,NA,NA,NA,NA,stalked,NA,branched|simple,NA,NA,NA,NA,thickened,NA,NA,NA,many,persistent,NA,pubescent,3,young,NA,glossy,flat,NA,NA,NA,NA,NA,horizontal,NA,linear|lanceolate|lobed,NA,toothed,stalked|sessile,NA,NA,NA,incurved,NA,NA,NA
Cycas_vespertilio,NA,NA,NA,0.038,NA,NA,NA,0.2,0.003,NA,0.06,NA,NA,absent,branched|simple,NA,NA,winged,0.18,0.035,2,NA,NA,NA,NA,NA,pubescent,2.1,young,NA,bright|glossy,NA,NA,NA,NA,NA,NA,NA,NA,NA,NA,NA,NA,edged/undulate,NA,NA,recurved,NA,NA,NA
Cycas_bougainvilleana,NA,NA,NA,NA,upturned,rudimentary,NA,NA,NA,NA,NA,NA,NA,absent,branched|simple,NA,NA,NA,NA,NA,NA,NA,NA,NA,NA,NA,pubescent,2.7,young,NA,bright|glossy,NA,NA,NA,NA,NA,NA,NA,NA,NA,NA,NA,NA,spinescent,NA,NA,recurved,NA,NA,NA
Dioon_caputoi,NA,upturned,NA,NA,NA,NA,coloured,NA,NA,NA,NA,NA,stalked,NA,branched|simple,NA,NA,NA,NA,thickened,NA,NA,NA,NA,persistent|shedding to leave smooth bark,NA,pubescent,0.9,young,NA,dull,NA,NA,NA,NA,NA,NA,NA,NA,falcate,NA,NA,stalked,spiny,NA,NA,recurved,NA,NA,NA
Macrozamia_polymorpha,NA,NA,0.05,0.03,NA,NA,paler|coloured,NA,NA,NA,NA,NA,stalked,NA,branched|simple,NA,NA,simple,NA,thickened,NA,NA,NA,many|few|many,persistent,7,pubescent,1,young,NA,bright|semiglossy,NA,NA,NA,NA,NA,NA,NA,NA,divided,NA,NA,stalked,NA,NA,NA,recurved,NA,NA,NA
Macrozamia_stenomera,NA,NA,0.05,0.015,NA,NA,paler|coloured,NA,NA,NA,NA,NA,stalked,NA,branched|simple,NA,NA,simple,NA,thickened,NA,NA,NA,many|few|many,persistent,7,pubescent,0.9,young,NA,semiglossy,NA,NA,NA,NA,NA,NA,NA,NA,divided,NA,NA,stalked,NA,NA,NA,recurved,NA,NA,NA
Macrozamia_spiralis,NA,NA,0.055,0.03,NA,NA,paler|coloured,NA,NA,NA,NA,NA,stalked,NA,branched|simple,NA,NA,simple,NA,thickened,NA,NA,NA,many|few|many,persistent,12,pubescent,1,young,NA,semiglossy,NA,NA,NA,NA,NA,NA,NA,NA,divided,NA,NA,stalked,NA,NA,NA,recurved,NA,NA,NA
Macrozamia_elegans,NA,NA,0.07,0.055,NA,NA,paler|coloured,NA,NA,NA,NA,NA,stalked,NA,branched|simple,NA,NA,simple,NA,thickened,NA,NA,NA,many|few|many,persistent,10,pubescent,1.5,young,NA,semiglossy,NA,NA,NA,NA,NA,NA,NA,NA,divided,NA,NA,stalked,NA,NA,NA,recurved,NA,NA,NA
Macrozamia_secunda,NA,NA,0.06,0.033,NA,NA,paler|coloured,NA,NA,NA,NA,NA,stalked,NA,branched|simple,NA,NA,simple,NA,thickened,NA,NA,NA,many|few|many,persistent,8,pubescent,0.8,young,NA,semiglossy|dull,NA,NA,NA,NA,NA,NA,NA,NA,divided,NA,NA,stalked,NA,NA,NA,recurved,NA,NA,NA
Ceratozamia_robusta,NA,NA,NA,NA,NA,NA,coloured,NA,NA,NA,NA,NA,stalked|sessile,NA,unbranched,coloured,NA,NA,NA,thickened,NA,NA,NA,NA,persistent,30,pubescent,3,new,NA,semiglossy,NA,NA,symmetric,NA,leathery,NA,NA,NA,lanceolate|falcate,NA,NA,stalked,NA,NA,NA,recurved,NA,NA,NA
Ceratozamia_miqueliana,NA,NA,NA,NA,NA,NA,coloured,NA,NA,NA,NA,NA,stalked|sessile,NA,unbranched,coloured,NA,NA,NA,thickened,NA,NA,NA,NA,persistent,9,pubescent,1.8,new,NA,semiglossy,NA,NA,asymmetric,NA,leathery,NA,NA,NA,lanceolate|ovate|falcate,NA,NA,stalked,NA,NA,NA,recurved,NA,NA,NA
Encephalartos_horridus,NA,NA,NA,NA,NA,NA,coloured,NA,NA,NA,NA,NA,stalked,NA,branched|simple,NA,NA,NA,NA,thickened,NA,NA,NA,many,persistent,NA,pubescent,1,young,NA,dull,NA,NA,NA,NA,NA,NA,horizontal,NA,lanceolate|to_obtuse,3,entire,stalked|sessile,NA,NA,NA,recurved,NA,NA,NA
Encephalartos_ghellinckii,NA,NA,NA,NA,NA,NA,coloured,NA,NA,NA,NA,NA,stalked,NA,branched|simple,NA,NA,NA,NA,thickened,NA,NA,NA,many,persistent,NA,pubescent,1,young,NA,dull,NA,NA,NA,NA,NA,NA,NA,NA,lobed,NA,entire,stalked|sessile,NA,NA,NA,recurved,NA,NA,NA
Encephalartos_turneri,NA,NA,NA,NA,NA,NA,coloured,NA,NA,NA,NA,NA,stalked,NA,branched|simple,NA,NA,NA,NA,thickened,NA,NA,NA,many,persistent,NA,pubescent,1.5,young,NA,glossy,NA,NA,NA,NA,NA,NA,NA,NA,lanceolate|lobed|obtuse|acute,NA,entire|toothed,stalked|sessile,NA,NA,NA,recurved,NA,NA,NA
Encephalartos_tegulaneus,NA,NA,NA,NA,NA,NA,coloured,NA,NA,NA,NA,NA,stalked,NA,branched|simple,NA,NA,NA,NA,thickened,NA,NA,NA,many,persistent,NA,pubescent,1.8,young,NA,semiglossy,NA,NA,NA,NA,NA,NA,NA,NA,lanceolate|lobed|obtuse,NA,toothed,stalked|sessile,NA,NA,NA,recurved,NA,NA,NA
Cycas_riuminiana,NA,NA,NA,0.046,upturned,prominent,NA,0.18,0.003,NA,NA,NA,NA,absent,branched|simple,NA,NA,NA,0.085,0.02,23,0.005,NA,NA,NA,NA,pubescent,1.8,young,NA,bright|glossy|semiglossy,NA,NA,NA,NA,NA,NA,NA,NA,NA,NA,NA,NA,NA,NA,NA,recurved,NA,NA,NA
Cycas_nitida,NA,NA,NA,0.02,upturned,prominent,NA,0.27,NA,NA,NA,NA,NA,absent,branched|simple,NA,NA,NA,0.06,0.03,16,0.005,NA,NA,NA,NA,pubescent,1.8,young,NA,glossy,NA,NA,NA,NA,NA,NA,NA,NA,NA,NA,NA,NA,NA,NA,NA,recurved,NA,NA,NA
Cycas_tanqingii,0.003|0.002,upturned,NA,0.045,NA,raised|prominent,NA,NA,NA,NA,NA,NA,NA,absent,branched|simple,NA,NA,NA,0.055,0.065|0.003,9,0.04,NA,NA,NA,NA,pubescent,3.6,young,NA,glossy,NA,NA,NA,NA,NA,NA,NA,NA,NA,NA,NA,NA,NA,NA,NA,recurved,NA,NA,NA
Cycas_zeylanica,NA,NA,NA,0.06,upturned,prominent,NA,NA,NA,NA,0.12,NA,NA,absent,branched|simple,NA,NA,NA,0.12,0.017|0.002,12,0.001,NA,NA,NA,NA,pubescent,1.9,young,NA,semiglossy,NA,NA,NA,NA,NA,NA,NA,NA,NA,NA,NA,NA,NA,NA,NA,recurved,NA,NA,NA
Cycas_edentata,NA,NA,NA,0.02,upturned,prominent,NA,0.27,NA,NA,NA,NA,NA,absent,branched|simple,NA,NA,NA,0.06,0.03,NA,0.001,NA,NA,NA,NA,pubescent,1.8,young,NA,NA,NA,NA,NA,NA,NA,NA,NA,NA,NA,NA,NA,NA,NA,NA,NA,recurved,NA,NA,NA
Zamia_soconuscensis,NA,NA,NA,NA,NA,NA,coloured,NA,NA,NA,0.05,0.02,stalked|sessile,NA,branched|simple,coloured,NA,NA,NA,thickened,NA,NA,NA,NA,persistent,NA,pubescent,2,young,recurved|spreading|recurved,NA,NA,NA,NA,NA,NA,NA,NA,NA,falcate|subfalcate|attenuate|linear_lanceolate|falcate|subfalcate|concave|cuneate|long acute|attenuate,NA,NA,stalked|sessile,spiny,NA,0.35,NA,NA,NA,NA
Cycas_lacrimans,0.002,NA,NA,0.038,NA,NA,NA,0.19,0.003,NA,0.06,NA,NA,NA,branched|simple,NA,NA,NA,0.055,0.02,24,0.008,NA,NA,NA,NA,pubescent,2,young,NA,glossy,NA,NA,NA,NA,NA,NA,NA,NA,NA,NA,NA,NA,folded|undulate,NA,NA,NA,NA,NA,NA
Cycas_curranii,NA,deflexed,NA,NA,NA,NA,NA,NA,NA,NA,NA,NA,NA,absent,branched|simple,NA,NA,NA,NA,NA,NA,NA,NA,NA,NA,NA,pubescent,NA,young,NA,semiglossy|glossy|semiglossy,NA,NA,NA,NA,NA,NA,NA,NA,NA,NA,NA,NA,spinescent,NA,NA,NA,NA,NA,NA
Dioon_califanoi,NA,upturned,NA,NA,NA,NA,coloured,NA,NA,NA,NA,NA,stalked,NA,branched|simple,NA,NA,NA,NA,thickened,NA,NA,NA,NA,persistent|shedding to leave smooth bark,NA,pubescent,0.85,young,NA,dull,NA,NA,NA,NA,NA,NA,NA,NA,falcate,NA,NA,stalked,spiny,NA,NA,NA,NA,NA,NA
Dioon_sonorense,NA,upturned,NA,NA,NA,NA,coloured,NA,NA,NA,NA,NA,stalked,NA,branched|simple,NA,NA,NA,NA,thickened,NA,NA,NA,NA,persistent|shedding to leave smooth bark,NA,pubescent,NA,young,NA,dull,NA,NA,NA,NA,NA,NA,NA,NA,falcate,NA,NA,stalked,spiny,NA,NA,NA,NA,NA,NA
Dioon_holmgrenii,NA,upturned,NA,NA,NA,NA,coloured,NA,NA,NA,NA,NA,stalked,NA,branched|simple,NA,NA,NA,NA,thickened,NA,NA,NA,NA,persistent|shedding to leave smooth bark,NA,pubescent,1.5,young,NA,semiglossy,NA,NA,NA,NA,NA,NA,NA,NA,falcate,NA,NA,stalked,spiny,NA,NA,NA,NA,NA,NA
Dioon_purpusii,NA,upturned,NA,NA,NA,NA,coloured,NA,NA,NA,NA,NA,stalked,NA,branched|simple,NA,NA,NA,NA,thickened,NA,NA,NA,NA,persistent|shedding to leave smooth bark,NA,pubescent,1.6,young,NA,dull,flat,NA,NA,NA,NA,NA,NA,NA,lanceolate|falcate,NA,NA,stalked,spiny,NA,NA,NA,NA,NA,NA
Dioon_edule,NA,upturned,NA,NA,NA,NA,coloured,NA,NA,NA,0.03,NA,stalked,NA,branched|simple,NA,NA,NA,NA,thickened,NA,NA,NA,NA,persistent|shedding to leave smooth bark,NA,pubescent,2,young,NA,dull|semiglossy|dull,NA,NA,NA,NA,NA,NA,NA,NA,lanceolate|falcate,NA,NA,stalked,spiny,NA,NA,NA,NA,NA,NA
Dioon_rzedowskii,NA,upturned,NA,NA,NA,NA,coloured,NA,NA,NA,NA,NA,stalked,NA,branched|simple,NA,NA,NA,NA,thickened,NA,NA,NA,NA,persistent|shedding to leave smooth bark,NA,pubescent,1.8,young,NA,glossy,NA,NA,NA,NA,NA,NA,NA,NA,lanceolate|falcate,NA,NA,stalked,spiny,NA,NA,NA,NA,NA,NA
Dioon_mejiae,NA,upturned,NA,NA,NA,NA,coloured,NA,NA,NA,NA,NA,stalked,NA,branched|simple,NA,NA,NA,NA,thickened,NA,NA,NA,NA,persistent|shedding to leave smooth bark,NA,pubescent,2,young,NA,glossy,NA,NA,NA,NA,NA,NA,NA,NA,lanceolate|falcate,NA,NA,stalked,spiny,NA,NA,NA,NA,NA,NA
Dioon_spinulosum,NA,upturned,NA,NA,NA,NA,coloured,NA,NA,NA,NA,NA,stalked,NA,branched|simple,NA,NA,NA,NA,thickened,NA,NA,NA,NA,persistent|shedding to leave smooth bark,NA,pubescent,2,young,NA,glossy,NA,NA,NA,NA,NA,NA,NA,NA,lanceolate|falcate,NA,NA,stalked,spiny,NA,NA,NA,NA,NA,NA
Dioon_merolae,NA,upturned,NA,NA,NA,NA,coloured,NA,NA,NA,NA,NA,stalked,NA,branched|simple,NA,NA,NA,NA,thickened,NA,NA,NA,NA,persistent|shedding to leave smooth bark,NA,pubescent,1,young,NA,semiglossy,NA,NA,NA,NA,NA,NA,NA,NA,lanceolate|falcate,NA,NA,stalked,spiny,NA,NA,NA,NA,NA,NA
Dioon_tomasellii,NA,upturned,NA,NA,NA,NA,coloured,NA,NA,NA,NA,NA,stalked,NA,branched|simple,NA,NA,NA,NA,thickened,NA,NA,NA,NA,persistent|shedding to leave smooth bark,NA,pubescent,2,young,NA,semiglossy,NA,NA,NA,NA,NA,NA,NA,NA,lanceolate|falcate,NA,NA,stalked,spiny,NA,NA,NA,NA,NA,NA
Zamia_spartea,NA,NA,NA,NA,NA,NA,coloured,NA,NA,NA,0.02,NA,stalked|sessile,NA,branched|simple,coloured,NA,NA,NA,thickened,NA,NA,NA,NA,persistent,NA,pubescent,NA,young,NA,NA,NA,NA,NA,NA,NA,0.25,NA,NA,acuminate,NA,NA,stalked|sessile,spiny,NA,NA,NA,NA,NA,NA
Zamia_portoricensis,NA,NA,NA,NA,NA,NA,coloured,NA,NA,NA,0.02,NA,stalked|sessile,NA,branched|simple,coloured,NA,NA,NA,thickened,NA,NA,NA,NA,persistent,NA,pubescent,1.5,young,NA,NA,NA,NA,NA,NA,NA,0.25,NA,NA,acute|entire,NA,NA,stalked|sessile,spiny,NA,NA,NA,NA,NA,NA
Zamia_amblyphyllidia,NA,NA,NA,NA,NA,NA,coloured,NA,NA,NA,0.02,NA,stalked|sessile,NA,branched|simple,coloured,NA,NA,NA,thickened,NA,NA,NA,NA,persistent,NA,pubescent,NA,young,NA,NA,NA,NA,NA,NA,NA,0.25,NA,NA,broadly obovate|oblong|obovate|rounded|notched,NA,NA,stalked|sessile,spiny,NA,NA,NA,NA,NA,NA
Zamia_ulei,NA,NA,NA,NA,NA,NA,coloured,NA,NA,NA,NA,NA,stalked|sessile,NA,branched|simple,coloured,NA,NA,NA,thickened,NA,NA,NA,NA,persistent,NA,pubescent,1.5,young,NA,NA,NA,short_acuminate,NA,NA,subcoriaceous,NA,NA,NA,elliptic_ovate|short_acuminate|oblong_elliptic|elliptic_ovate|falcate|obtuse|acute,NA,NA,stalked|sessile,spiny,NA,NA,NA,NA,NA,NA
Zamia_fischeri,NA,NA,NA,NA,NA,NA,coloured,NA,NA,NA,0.015,0.02,stalked|sessile,NA,branched|simple,coloured,NA,NA,NA,thickened,NA,NA,NA,NA,persistent,NA,pubescent,0.3,young,NA,NA,NA,NA,NA,NA,NA,NA,NA,NA,lanceolate|attenuate|acute,NA,NA,stalked|sessile,spiny,NA,NA,NA,NA,NA,NA
Zamia_boliviana,NA,NA,NA,NA,NA,NA,coloured,NA,NA,NA,0.02,NA,stalked|sessile,NA,branched|simple,coloured,NA,NA,NA,thickened,NA,NA,NA,NA,persistent,NA,pubescent,0.7,young,NA,NA,NA,NA,NA,NA,NA,0.25,NA,NA,lanceolate|linear lanceolate|lanceolate,NA,NA,stalked|sessile,spiny,NA,NA,NA,NA,NA,NA
Zamia_amazonum,NA,NA,NA,NA,NA,NA,coloured,NA,NA,NA,0.08,0.02,stalked|sessile,NA,branched|simple,coloured,NA,NA,NA,thickened,NA,NA,NA,NA,persistent,NA,pubescent,2.5,young,NA,NA,NA,acuminate,NA,NA,NA,0.2,NA,NA,lanceolate|oblong_lanceolate|lanceolate,NA,NA,stalked|sessile,spiny,NA,NA,NA,NA,NA,NA
Zamia_muricata,NA,NA,NA,NA,NA,NA,coloured,NA,NA,NA,0.08,0.02,stalked|sessile,NA,branched|simple,coloured,NA,NA,NA,thickened,NA,NA,NA,NA,persistent,NA,pubescent,2,young,NA,NA,NA,long_acuminate,NA,NA,NA,0.2,NA,NA,oblong_lanceolate|lanceolate|inequilateral|oblong_lanceolate|lanceolate,NA,NA,stalked|sessile,spiny,NA,NA,NA,NA,NA,NA
Zamia_pumila,0.15,NA,NA,NA,NA,NA,coloured,NA,NA,NA,0.02,NA,stalked|sessile,NA,branched|simple,coloured,NA,NA,NA,thickened,NA,NA,NA,NA,persistent,NA,pubescent,NA,young,NA,NA,NA,NA,NA,NA,NA,NA,NA,NA,oblong|acute|rounded|cleft,NA,NA,stalked|sessile,spiny,NA,NA,NA,NA,NA,NA
Zamia_integrifolia,0.15,NA,NA,NA,NA,NA,coloured,NA,NA,NA,0.02,NA,stalked|sessile,NA,branched|simple,coloured,NA,NA,NA,thickened,NA,NA,NA,NA,persistent,NA,pubescent,NA,young,NA,NA,NA,NA,NA,NA,NA,NA,NA,NA,oblong|rounded,NA,NA,stalked|sessile,spiny,NA,NA,NA,NA,NA,NA
Zamia_fairchildiana,NA,NA,NA,NA,NA,NA,coloured,NA,NA,NA,NA,NA,stalked|sessile,NA,branched|simple,coloured,NA,NA,NA,thickened,NA,NA,NA,NA,persistent,NA,pubescent,2.0|2.5,young,NA,NA,NA,NA,NA,NA,NA,0.4,NA,median,oblong|subfalcate|acute|serrulate,NA,NA,stalked|sessile,spiny,NA,NA,NA,NA,NA,NA
Zamia_angustifolia,NA,NA,NA,NA,NA,NA,coloured,NA,NA,NA,0.02,NA,stalked|sessile,NA,branched|simple,coloured,NA,NA,NA,thickened,NA,NA,NA,NA,persistent,NA,pubescent,NA,young,NA,NA,NA,NA,NA,NA,NA,0.25,NA,NA,rounded,NA,NA,stalked|sessile,spiny,NA,NA,NA,NA,NA,NA
Zamia_pygmaea,NA,NA,NA,NA,NA,NA,coloured,NA,NA,NA,0.015,NA,stalked|sessile,NA,branched|simple,coloured,NA,NA,NA,thickened,NA,NA,NA,NA,persistent,NA,pubescent,NA,young,NA,NA,NA,NA,NA,NA,NA,NA,NA,NA,strongly obovate|ovate|obovate,NA,NA,stalked|sessile,spiny,NA,NA,NA,NA,NA,NA
Zamia_melanorrhachis,NA,NA,NA,NA,NA,NA,coloured,NA,NA,NA,0.05,0.02,stalked|sessile,NA,branched|simple,coloured,NA,NA,NA,thickened,NA,NA,NA,NA,persistent,NA,pubescent,0.5,young,erect,NA,NA,NA,NA,NA,NA,NA,NA,NA,NA,NA,NA,stalked|sessile,spiny,NA,NA,NA,NA,NA,NA
Zamia_hymenophyllidia,NA,NA,NA,NA,NA,NA,coloured,NA,NA,NA,0.03,0.01,stalked|sessile,NA,branched|simple,coloured,NA,NA,NA,thickened,NA,NA,NA,NA,persistent,NA,pubescent,0.7,young,erect,NA,NA,NA,NA,NA,NA,NA,NA,NA,NA,NA,NA,stalked|sessile,spiny,NA,NA,NA,NA,NA,NA
Zamia_lecointei,NA,NA,NA,NA,NA,NA,coloured,NA,NA,NA,0.06,0.02,stalked|sessile,NA,branched|simple,coloured,NA,NA,NA,thickened,NA,NA,NA,NA,persistent,NA,pubescent,2,young,erect|curved,NA,NA,NA,NA,NA,NA,NA,NA,NA,NA,NA,NA,stalked|sessile,spiny,NA,NA,NA,NA,NA,NA
Zamia_disodon,NA,NA,NA,NA,NA,NA,coloured,NA,NA,NA,0.06,0.02,stalked|sessile,NA,branched|simple,coloured,NA,NA,NA,thickened,NA,NA,NA,NA,persistent,NA,pubescent,0.5,young,erect|recurved,NA,NA,NA,NA,NA,NA,NA,NA,NA,NA,NA,NA,stalked|sessile,spiny,NA,NA,NA,NA,NA,NA
Zamia_cunaria,NA,NA,NA,NA,NA,NA,coloured,NA,NA,NA,NA,NA,stalked|sessile,NA,branched|simple,coloured,NA,NA,NA,thickened,NA,NA,NA,NA,persistent,NA,pubescent,NA,young,NA,NA,NA,NA,NA,NA,NA,NA,NA,NA,NA,NA,NA,stalked|sessile,spiny,NA,NA,NA,NA,NA,NA
Zamia_encephalartoides,NA,NA,NA,NA,NA,NA,coloured,NA,NA,NA,NA,NA,stalked|sessile,NA,branched|simple,coloured,NA,NA,NA,thickened,NA,NA,NA,NA,persistent,NA,pubescent,NA,young,NA,NA,NA,NA,NA,NA,NA,NA,NA,NA,NA,NA,NA,stalked|sessile,spiny,NA,NA,NA,NA,NA,NA
Zamia_furfuracea,NA,NA,NA,NA,NA,NA,coloured,NA,NA,NA,NA,NA,stalked|sessile,NA,branched|simple,coloured,NA,NA,NA,thickened,NA,NA,NA,NA,persistent,NA,pubescent,NA,young,NA,NA,NA,NA,NA,NA,NA,NA,NA,NA,NA,NA,NA,stalked|sessile,spiny,NA,NA,NA,NA,NA,NA
Zamia_ipetiensis,NA,NA,NA,NA,NA,NA,coloured,NA,NA,NA,NA,NA,stalked|sessile,NA,branched|simple,coloured,NA,NA,NA,thickened,NA,NA,NA,NA,persistent,NA,pubescent,NA,young,NA,NA,NA,NA,NA,NA,NA,NA,NA,NA,NA,NA,NA,stalked|sessile,spiny,NA,NA,NA,NA,NA,NA
Zamia_neurophyllidia,NA,NA,NA,NA,NA,NA,coloured,NA,NA,NA,NA,NA,stalked|sessile,NA,branched|simple,coloured,NA,NA,NA,thickened,NA,NA,NA,NA,persistent,NA,pubescent,NA,young,NA,NA,NA,NA,NA,NA,NA,NA,NA,NA,NA,NA,NA,stalked|sessile,spiny,NA,NA,NA,NA,NA,NA
Zamia_poeppigiana,NA,NA,NA,NA,NA,NA,coloured,NA,NA,NA,NA,NA,stalked|sessile,NA,branched|simple,coloured,NA,NA,NA,thickened,NA,NA,NA,NA,persistent,NA,pubescent,NA,young,NA,NA,NA,NA,NA,NA,NA,NA,NA,NA,NA,NA,NA,stalked|sessile,spiny,NA,NA,NA,NA,NA,NA
Zamia_polymorpha,NA,NA,NA,NA,NA,NA,coloured,NA,NA,NA,NA,NA,stalked|sessile,NA,branched|simple,coloured,NA,NA,NA,thickened,NA,NA,NA,NA,persistent,NA,pubescent,NA,young,NA,NA,NA,NA,NA,NA,NA,NA,NA,NA,NA,NA,NA,stalked|sessile,spiny,NA,NA,NA,NA,NA,NA
Zamia_pseudomonticola,NA,NA,NA,NA,NA,NA,coloured,NA,NA,NA,NA,NA,stalked|sessile,NA,branched|simple,coloured,NA,NA,NA,thickened,NA,NA,NA,NA,persistent,NA,pubescent,NA,young,NA,NA,NA,NA,NA,NA,NA,NA,NA,NA,NA,NA,NA,stalked|sessile,spiny,NA,NA,NA,NA,NA,NA
Zamia_tuerckheimii,NA,NA,NA,NA,NA,NA,coloured,NA,NA,NA,NA,NA,stalked|sessile,NA,branched|simple,coloured,NA,NA,NA,thickened,NA,NA,NA,NA,persistent,NA,pubescent,NA,young,NA,NA,NA,NA,NA,NA,NA,NA,NA,NA,NA,NA,NA,stalked|sessile,spiny,NA,NA,NA,NA,NA,NA
Zamia_vazquezii,NA,NA,NA,NA,NA,NA,coloured,NA,NA,NA,NA,NA,stalked|sessile,NA,branched|simple,coloured,NA,NA,NA,thickened,NA,NA,NA,NA,persistent,NA,pubescent,NA,young,NA,NA,NA,NA,NA,NA,NA,NA,NA,NA,NA,NA,NA,stalked|sessile,spiny,NA,NA,NA,NA,NA,NA
Cycas_annaikalensis,0.047,NA,NA,0.025,NA,NA,NA,NA,NA,NA,NA,NA,NA,absent,branched|simple,NA,NA,NA,0.055,0.04,18,0.008,NA,NA,NA,NA,pubescent,2.5,young,NA,bright|semiglossy,NA,NA,NA,NA,NA,NA,NA,NA,NA,NA,NA,NA,undulate,NA,NA,NA,NA,NA,NA
LepidoZamia_hopei,NA,NA,NA,NA,NA,NA,NA,NA,NA,grey_white,NA,NA,sessile,NA,NA,NA,NA,NA,NA,thickened,NA,NA,NA,NA,NA,100,pubescent,3,young,NA,NA,NA,NA,NA,NA,NA,0.4,spreading,basal,NA,NA,NA,sessile,NA,NA,NA,NA,NA,NA,NA
LepidoZamia_peroffskyana,NA,NA,NA,NA,NA,NA,NA,NA,NA,grey_white,NA,NA,sessile,NA,NA,NA,NA,NA,NA,thickened,NA,NA,NA,NA,persistent,150,pubescent,3,young,NA,NA,NA,NA,NA,NA,NA,0.4,spreading,basal,NA,NA,NA,sessile,NA,NA,NA,NA,NA,NA,NA
Macrozamia_lucida,NA,NA,0.045,0.05,NA,NA,paler|coloured,NA,NA,NA,NA,NA,stalked,NA,branched|simple,NA,NA,simple,NA,thickened,NA,NA,NA,many|few|many,persistent,15,pubescent,1.2,young,NA,glossy,flat,NA,NA,NA,NA,NA,NA,NA,divided,NA,NA,stalked,NA,NA,NA,NA,NA,NA,NA
Macrozamia_riedlei,NA,NA,0.07,0.075,NA,NA,paler|coloured,NA,NA,NA,NA,NA,stalked,NA,branched|simple,NA,NA,simple,NA,thickened,NA,NA,NA,many|few|many,persistent,30,pubescent,2.2,young,NA,highly glossy|semiglossy|glossy,flat,NA,NA,NA,NA,NA,NA,NA,divided,NA,NA,stalked,NA,NA,NA,NA,NA,NA,NA
Macrozamia_johnsonii,NA,NA,0.06,0.05,NA,NA,paler|coloured,NA,NA,NA,NA,NA,stalked,NA,branched|simple,NA,NA,simple,NA,thickened,NA,NA,NA,many|few|many,persistent,120,pubescent,3,young,NA,bright|glossy,NA,NA,NA,NA,NA,NA,NA,NA,divided,NA,NA,stalked,NA,NA,NA,NA,NA,NA,NA
Macrozamia_diplomera,NA,NA,0.045,0.025,NA,NA,paler|coloured,NA,NA,NA,NA,NA,stalked,NA,branched|simple,NA,NA,simple,NA,thickened,NA,NA,NA,many|few|many,persistent,50,pubescent,1.2,young,NA,bright|semiglossy,NA,NA,NA,NA,NA,NA,NA,NA,divided,NA,NA,stalked,NA,NA,NA,NA,NA,NA,NA
Macrozamia_glaucophylla,NA,NA,0.06,0.01,NA,NA,paler|coloured,NA,NA,NA,NA,NA,stalked,NA,branched|simple,NA,NA,simple,NA,thickened,NA,NA,NA,many|few|many,persistent,8,pubescent,1.2,young,NA,dull,NA,NA,NA,NA,NA,NA,NA,NA,divided,NA,NA,stalked,NA,NA,NA,NA,NA,NA,NA
Macrozamia_macdonnellii,NA,NA,0.125,0.02,NA,NA,paler|coloured,NA,NA,NA,NA,NA,stalked,NA,branched|simple,NA,NA,simple,NA,thickened,NA,NA,NA,many|few|many,persistent,120,pubescent,2.2,young,NA,dull,NA,NA,NA,NA,NA,NA,NA,NA,divided,NA,NA,stalked,NA,NA,NA,NA,NA,NA,NA
Macrozamia_lomandroides,NA,NA,0.035,0.03,NA,NA,paler|coloured,NA,NA,NA,NA,NA,stalked,NA,branched|simple,NA,NA,simple,NA,thickened,NA,NA,NA,many|few|many,persistent,6,pubescent,0.8,young,NA,dull|bright|semiglossy|dull,NA,NA,NA,NA,NA,NA,NA,NA,divided,NA,NA,stalked,NA,NA,NA,NA,NA,NA,NA
Macrozamia_heteromera,NA,NA,0.05,0.025,NA,NA,paler|coloured,NA,NA,NA,NA,NA,stalked,NA,branched|simple,NA,NA,simple,NA,thickened,NA,NA,NA,many|few|many,persistent,8,pubescent,0.9,young,NA,dull|bright|semiglossy|dull,NA,NA,NA,NA,NA,NA,NA,NA,divided,NA,NA,stalked,NA,NA,NA,NA,NA,NA,NA
Macrozamia_moorei,NA,NA,0.07,0.07,NA,NA,paler|coloured,NA,NA,NA,NA,NA,stalked,NA,branched|simple,NA,NA,simple,NA,thickened,NA,NA,NA,many|few|many,persistent,120,pubescent,2.5,young,NA,dull|semiglossy|dull,NA,NA,NA,NA,NA,NA,NA,NA,divided,NA,NA,stalked,NA,NA,NA,NA,NA,NA,NA
Macrozamia_fawcettii,NA,NA,0.055,0.025,NA,NA,paler|coloured,NA,NA,NA,NA,NA,stalked,NA,branched|simple,NA,NA,simple,NA,thickened,NA,NA,NA,many|few|many,persistent,10,pubescent,1.2,young,NA,glossy,NA,NA,NA,NA,NA,NA,NA,NA,divided,NA,NA,stalked,NA,NA,NA,NA,NA,NA,NA
Macrozamia_mountperriensis,NA,NA,0.04,0.035,NA,NA,paler|coloured,NA,NA,NA,NA,NA,stalked,NA,branched|simple,NA,NA,simple,NA,thickened,NA,NA,NA,many|few|many,persistent,80,pubescent,1.5,young,NA,glossy,NA,NA,NA,NA,NA,NA,NA,NA,divided,NA,NA,stalked,NA,NA,NA,NA,NA,NA,NA
Macrozamia_miquelii,NA,NA,0.05,0.035,NA,NA,paler|coloured,NA,NA,NA,NA,NA,stalked,NA,branched|simple,NA,NA,simple,NA,thickened,NA,NA,NA,many|few|many,persistent,80,pubescent,1.8,young,NA,glossy,NA,NA,NA,NA,NA,NA,NA,NA,divided,NA,NA,stalked,NA,NA,NA,NA,NA,NA,NA
Macrozamia_cardiacensis,NA,NA,0.045,0.048,NA,NA,paler|coloured,NA,NA,NA,NA,NA,stalked,NA,branched|simple,NA,NA,simple,NA,thickened,NA,NA,NA,many|few|many,persistent,20,pubescent,2,young,NA,glossy,NA,NA,NA,NA,NA,NA,NA,NA,divided,NA,NA,stalked,NA,NA,NA,NA,NA,NA,NA
Macrozamia_macleayi,NA,NA,0.06,0.042,NA,NA,paler|coloured,NA,NA,NA,NA,NA,stalked,NA,branched|simple,NA,NA,simple,NA,thickened,NA,NA,NA,many|few|many,persistent,70,pubescent,2.1,young,NA,glossy,NA,NA,NA,NA,NA,NA,NA,NA,divided,NA,NA,stalked,NA,NA,NA,NA,NA,NA,NA
Macrozamia_douglasii,NA,NA,0.06,0.028,NA,NA,paler|coloured,NA,NA,NA,NA,NA,stalked,NA,branched|simple,NA,NA,simple,NA,thickened,NA,NA,NA,many|few|many,persistent,100,pubescent,3.4,young,NA,glossy,NA,NA,NA,NA,NA,NA,NA,NA,divided,NA,NA,stalked,NA,NA,NA,NA,NA,NA,NA
Macrozamia_longispina,NA,NA,0.035,0.062,NA,NA,paler|coloured,NA,NA,NA,NA,NA,stalked,NA,branched|simple,NA,NA,simple,NA,thickened,NA,NA,NA,many|few|many,persistent,20,pubescent,1.5,young,NA,highly glossy|bright|semiglossy|glossy,NA,NA,NA,NA,NA,NA,NA,NA,divided,NA,NA,stalked,NA,NA,NA,NA,NA,NA,NA
Macrozamia_montana,NA,NA,0.07,0.11,NA,NA,paler|coloured,NA,NA,NA,NA,NA,stalked,NA,branched|simple,NA,NA,simple,NA,thickened,NA,NA,NA,many|few|many,persistent,70,pubescent,2.05,young,NA,highly glossy|semiglossy|glossy,NA,NA,NA,NA,NA,NA,NA,NA,divided,NA,NA,stalked,NA,NA,NA,NA,NA,NA,NA
Macrozamia_reducta,NA,NA,0.065,0.07,NA,NA,paler|coloured,NA,NA,NA,NA,NA,stalked,NA,branched|simple,NA,NA,simple,NA,thickened,NA,NA,NA,many|few|many,persistent,40,pubescent,1.5,young,NA,semiglossy,NA,NA,NA,NA,NA,NA,NA,NA,divided,NA,NA,stalked,NA,NA,NA,NA,NA,NA,NA
Macrozamia_dyeri,NA,NA,0.06,0.05,NA,NA,paler|coloured,NA,NA,NA,NA,NA,stalked,NA,branched|simple,NA,NA,simple,NA,thickened,NA,NA,NA,many|few|many,persistent,150,pubescent,2.4,young,NA,semiglossy,NA,NA,NA,NA,NA,NA,NA,NA,divided,NA,NA,stalked,NA,NA,NA,NA,NA,NA,NA
Macrozamia_communis,NA,NA,0.085,0.08,NA,NA,paler|coloured,NA,NA,NA,NA,NA,stalked,NA,branched|simple,NA,NA,simple,NA,thickened,NA,NA,NA,many|few|many,persistent,150,pubescent,2.5,young,NA,semiglossy,NA,NA,NA,NA,NA,NA,NA,NA,divided,NA,NA,stalked,NA,NA,NA,NA,NA,NA,NA
Macrozamia_fraseri,NA,NA,0.06,0.06,NA,NA,paler|coloured,NA,NA,NA,NA,NA,stalked,NA,branched|simple,NA,NA,simple,NA,thickened,NA,NA,NA,many|few|many,persistent,100,pubescent,2.7,young,NA,semiglossy,NA,NA,NA,NA,NA,NA,NA,NA,divided,NA,NA,stalked,NA,NA,NA,NA,NA,NA,NA
Macrozamia_platyrachis,NA,NA,0.05,0.013,NA,NA,paler|coloured,NA,NA,NA,NA,NA,stalked,NA,branched|simple,NA,NA,simple,NA,thickened,NA,NA,NA,many|few|many,persistent,8,pubescent,0.8,young,NA,semiglossy|bright|glossy|semiglossy,NA,NA,NA,NA,NA,NA,NA,NA,divided,NA,NA,stalked,NA,NA,NA,NA,NA,NA,NA
Macrozamia_humilis,NA,NA,0.05,0.025,NA,NA,paler|coloured,NA,NA,NA,NA,NA,stalked,NA,branched|simple,NA,NA,simple,NA,thickened,NA,NA,NA,many|few|many,persistent,7,pubescent,0.65,young,NA,semiglossy|dull|semiglossy,NA,NA,NA,NA,NA,NA,NA,NA,divided,NA,NA,stalked,NA,NA,NA,NA,NA,NA,NA
Macrozamia_viridis,NA,NA,0.05,0.015,NA,NA,paler|coloured,NA,NA,NA,NA,NA,stalked,NA,branched|simple,NA,NA,simple,NA,thickened,NA,NA,NA,many|few|many,persistent,8,pubescent,0.6,young,NA,semiglossy|glossy,NA,NA,NA,NA,NA,NA,NA,NA,divided,NA,NA,stalked,NA,NA,NA,NA,NA,NA,NA
Ceratozamia_beccarae,NA,NA,NA,NA,NA,NA,coloured,NA,NA,NA,NA,NA,stalked|sessile,NA,unbranched,coloured,NA,NA,NA,thickened,NA,NA,NA,NA,persistent,NA,pubescent,NA,young,NA,NA,NA,NA,NA,NA,NA,NA,NA,NA,entire,NA,NA,stalked,NA,NA,NA,NA,NA,NA,NA
Ceratozamia_alvarezii,NA,NA,0.029,NA,NA,NA,coloured,NA,NA,brown,0.05,NA,stalked|sessile,NA,unbranched,coloured,NA,NA,NA,thickened,NA,NA,NA,NA,persistent,18,pubescent,1.1,new,NA,semiglossy,NA,NA,symmetric,NA,leathery,NA,NA,NA,falcate,NA,NA,stalked,NA,NA,NA,NA,NA,NA,NA
Ceratozamia_kuesteriana,NA,NA,0.032,NA,NA,NA,coloured,NA,NA,NA,NA,NA,stalked|sessile,NA,unbranched,coloured,NA,NA,NA,thickened,NA,NA,dark,NA,persistent,20,pubescent,1.5,new,NA,semiglossy,NA,NA,symmetric,NA,leathery,NA,NA,NA,falcate,NA,NA,stalked,NA,NA,NA,NA,NA,NA,NA
Ceratozamia_whitelockiana,NA,NA,NA,NA,NA,NA,coloured,NA,NA,NA,0.05,NA,stalked|sessile,NA,unbranched,coloured,NA,NA,NA,thickened,NA,NA,dark,NA,persistent,12,pubescent,2.5,new,NA,semiglossy,NA,NA,symmetric,NA,membranous,NA,NA,NA,falcate,NA,NA,stalked,NA,NA,NA,NA,NA,NA,NA
Chigua_restrepoi,NA,NA,NA,NA,NA,NA,coloured,NA,NA,NA,NA,NA,stalked,NA,branched|simple,coloured,NA,NA,NA,thickened,NA,NA,NA,NA,persistent,NA,pubescent,NA,young,NA,NA,NA,caudate,NA,cuneate,NA,0.25,NA,NA,lanceolate,NA,NA,stalked,NA,NA,NA,NA,NA,NA,NA
Ceratozamia_cremnophila,NA,NA,NA,NA,NA,NA,coloured,NA,NA,NA,NA,NA,stalked|sessile,NA,unbranched,coloured,NA,NA,NA,thickened,NA,NA,NA,NA,persistent,5,pubescent,1.2,new,NA,semiglossy,NA,NA,symmetric,NA,leathery,NA,NA,NA,lanceolate,NA,NA,stalked,NA,NA,NA,NA,NA,NA,NA
Ceratozamia_pacifica,NA,NA,NA,NA,NA,NA,coloured,NA,NA,NA,NA,NA,stalked|sessile,NA,unbranched,coloured,NA,NA,NA,thickened,NA,NA,NA,NA,persistent,10,pubescent,NA,new,NA,glossy|semiglossy,NA,NA,symmetric|asymmetric,NA,leathery,NA,NA,NA,lanceolate,NA,NA,stalked,NA,NA,NA,NA,NA,NA,NA
Bowenia_spectabilis,NA,NA,NA,NA,NA,NA,NA,NA,NA,NA,NA,NA,stalked,NA,unbranched,coloured|transparent,NA,NA,NA,thickened,NA,NA,NA,NA,NA,7,pubescent,2,young,erect,NA,NA,NA,NA,decurrent,NA,0.15,NA,NA,lanceolate|entire|serrate,NA,NA,stalked,NA,NA,NA,NA,NA,NA,NA
Ceratozamia_latifolia,NA,NA,NA,NA,NA,NA,coloured,NA,NA,NA,NA,NA,stalked|sessile,NA,unbranched,coloured,NA,NA,NA,thickened,NA,NA,NA,NA,persistent,4,pubescent,1,new,NA,semiglossy,NA,NA,asymmetric,NA,leathery,NA,NA,NA,lanceolate|falcate,NA,NA,stalked,NA,NA,NA,NA,NA,NA,NA
Ceratozamia_zoquensis,NA,NA,0.028,NA,NA,NA,coloured,NA,NA,NA,0.055,NA,stalked|sessile,NA,unbranched,coloured,0.006,NA,NA,thickened,NA,NA,dark,NA,persistent,5,pubescent,3.74,new,NA,semiglossy,NA,NA,asymmetric,NA,leathery,NA,NA,NA,lanceolate|falcate,NA,NA,stalked,NA,NA,NA,NA,NA,NA,NA
Ceratozamia_mexicana,NA,NA,NA,NA,NA,NA,coloured,NA,NA,NA,NA,NA,stalked|sessile,NA,unbranched,coloured,NA,NA,NA,thickened,NA,NA,NA,NA,persistent,20,pubescent,1.5,new,NA,semiglossy,NA,NA,symmetric,NA,leathery,NA,NA,NA,lanceolate|falcate,NA,NA,stalked,NA,NA,NA,NA,NA,NA,NA
Ceratozamia_fuscoviridis,NA,NA,NA,NA,NA,NA,coloured,NA,NA,NA,NA,NA,stalked|sessile,NA,unbranched,coloured,NA,NA,NA,thickened,NA,NA,NA,NA,persistent,10,pubescent,NA,new,NA,semiglossy,NA,NA,symmetric,NA,leathery,NA,NA,NA,lanceolate|falcate,NA,NA,stalked,NA,NA,NA,NA,NA,NA,NA
Ceratozamia_hildae,NA,NA,NA,NA,NA,NA,coloured,NA,NA,NA,NA,NA,stalked|sessile,NA,unbranched,coloured,NA,NA,NA,thickened,NA,NA,NA,NA,persistent,20,pubescent,1.5,new,NA,semiglossy,NA,NA,asymmetric,NA,membranous,NA,NA,NA,lanceolate|falcate,NA,NA,stalked,NA,NA,NA,NA,NA,NA,NA
Stangeria_eriopus,NA,upturned,NA,NA,NA,NA,NA,NA,NA,NA,NA,NA,stalked,NA,NA,NA,NA,NA,NA,thickened,NA,NA,NA,NA,NA,NA,pubescent,2,young,NA,bright|dull,NA,NA,NA,NA,NA,0.4,subparallel,NA,lanceolate|oblong|acute|rounded|entire|dentate|lobed,NA,NA,stalked,NA,NA,NA,NA,NA,NA,NA
Ceratozamia_microstrobila,NA,NA,0.021,NA,NA,NA,coloured,NA,NA,NA,NA,NA,stalked|sessile,NA,unbranched,coloured,0.002,NA,NA,thickened,NA,NA,light,NA,persistent,4,pubescent,0.7,new,NA,glossy|semiglossy,NA,NA,asymmetric,NA,leathery,NA,NA,NA,lanceolate|ovate|falcate,NA,NA,stalked,NA,NA,NA,NA,NA,NA,NA
Chigua_bernalii,NA,NA,NA,NA,NA,NA,coloured,NA,NA,NA,NA,NA,stalked,NA,branched|simple,coloured,NA,NA,NA,thickened,NA,NA,NA,NA,persistent,NA,pubescent,NA,young,NA,NA,NA,caudate,NA,cuneate,NA,0.35,NA,NA,linear_lanceolate|linear|linear_lanceolate,NA,NA,stalked,NA,NA,NA,NA,NA,NA,NA
Ceratozamia_matudae,NA,NA,NA,NA,NA,NA,coloured,NA,NA,NA,NA,NA,stalked|sessile,NA,unbranched,coloured,NA,NA,NA,thickened,NA,NA,NA,NA,persistent,15,pubescent,1.2,new,NA,glossy,NA,NA,symmetric,NA,leathery,NA,NA,NA,linear|lanceolate|falcate,NA,NA,stalked,NA,NA,NA,NA,NA,NA,NA
Ceratozamia_euryphyllidia,NA,NA,0.02,NA,NA,NA,coloured,NA,NA,NA,0.05,NA,stalked|sessile,NA,unbranched,coloured,0.002,NA,NA,thickened,NA,NA,NA,NA,persistent,10,pubescent,3.2,new,NA,dull,NA,NA,asymmetric,NA,membranous,NA,NA,NA,ovate|falcate,NA,NA,stalked,NA,NA,NA,NA,NA,NA,NA
Bowenia_serrulata,NA,NA,NA,NA,NA,NA,NA,NA,NA,NA,NA,NA,stalked,NA,unbranched,coloured|transparent,NA,NA,NA,thickened,NA,NA,NA,NA,NA,30,pubescent,2,young,erect,NA,NA,NA,NA,decurrent,NA,0.15,NA,NA,serrate|lacerate|lanceolate,NA,NA,stalked,NA,NA,NA,NA,NA,NA,NA
Encephalartos_trispinosus,NA,NA,NA,NA,NA,NA,coloured,NA,NA,NA,NA,NA,stalked,NA,branched|simple,NA,NA,NA,NA,thickened,NA,NA,NA,many,persistent,NA,pubescent,1.25,young,NA,dull,flat,NA,NA,NA,NA,NA,horizontal,NA,lanceolate,2,entire,stalked|sessile,NA,NA,NA,NA,NA,NA,NA
Encephalartos_latifrons,NA,NA,NA,NA,NA,NA,coloured,NA,NA,NA,NA,NA,stalked,NA,branched|simple,NA,NA,NA,NA,thickened,NA,NA,NA,many,persistent,NA,pubescent,1.5,young,NA,glossy,NA,NA,NA,NA,NA,NA,NA,NA,ovate|obtuse,3,entire,stalked|sessile,NA,NA,NA,NA,NA,NA,NA
Encephalartos_caffer,NA,NA,NA,NA,NA,NA,coloured,NA,NA,NA,NA,NA,stalked,NA,branched|simple,NA,NA,NA,NA,thickened,NA,NA,NA,many,persistent,NA,pubescent,1,young,NA,semiglossy,NA,NA,NA,NA,NA,NA,horizontal,NA,lanceolate|lobed,NA,entire,stalked|sessile,NA,NA,NA,NA,NA,NA,NA
Encephalartos_inopinus,NA,NA,NA,NA,NA,NA,coloured,NA,NA,NA,NA,NA,stalked,NA,branched|simple,NA,NA,NA,NA,thickened,NA,NA,NA,many,persistent,NA,pubescent,1.5,young,NA,semiglossy,NA,NA,NA,NA,NA,NA,horizontal,NA,lanceolate|lobed,NA,entire,stalked|sessile,NA,NA,NA,NA,NA,NA,NA
Encephalartos_macrostrobilus,NA,NA,NA,NA,NA,NA,coloured,NA,NA,NA,NA,NA,stalked,NA,branched|simple,NA,NA,NA,NA,thickened,NA,NA,NA,many,persistent,NA,pubescent,2.2,young,NA,semiglossy,NA,NA,NA,NA,NA,NA,horizontal,NA,lanceolate|lobed,NA,entire,stalked|sessile,NA,NA,NA,NA,NA,NA,NA
Encephalartos_princeps,NA,NA,NA,NA,NA,NA,coloured,NA,NA,NA,NA,NA,stalked,NA,branched|simple,NA,NA,NA,NA,thickened,NA,NA,NA,many,persistent,NA,pubescent,1.3,young,NA,dull,NA,NA,NA,NA,NA,NA,NA,NA,lanceolate|lobed|acute,NA,entire,stalked|sessile,NA,NA,NA,NA,NA,NA,NA
Encephalartos_eugene-maraisii,NA,NA,NA,NA,NA,NA,coloured,NA,NA,NA,NA,NA,stalked,NA,branched|simple,NA,NA,NA,NA,thickened,NA,NA,NA,many,persistent,NA,pubescent,1.5,young,NA,dull,NA,NA,NA,NA,NA,NA,NA,NA,lanceolate|lobed|obtuse,NA,entire,stalked|sessile,NA,NA,NA,NA,NA,NA,NA
Encephalartos_middelburgensis,NA,NA,NA,NA,NA,NA,coloured,NA,NA,NA,NA,NA,stalked,NA,branched|simple,NA,NA,NA,NA,thickened,NA,NA,NA,many,persistent,NA,pubescent,1.8,young,NA,dull,NA,NA,NA,NA,NA,NA,NA,NA,lanceolate|lobed|obtuse,NA,entire,stalked|sessile,NA,NA,NA,NA,NA,NA,NA
Encephalartos_msinganus,NA,NA,NA,NA,NA,NA,coloured,NA,NA,NA,NA,NA,stalked,NA,branched|simple,NA,NA,NA,NA,thickened,NA,NA,NA,many,persistent,NA,pubescent,1.5,young,NA,glossy,NA,NA,NA,NA,NA,NA,NA,NA,lanceolate|lobed|obtuse,NA,entire,stalked|sessile,NA,NA,NA,NA,NA,NA,NA
Encephalartos_hirsutus,NA,NA,NA,NA,NA,NA,coloured,NA,NA,NA,NA,NA,stalked,NA,branched|simple,NA,NA,NA,NA,thickened,NA,NA,NA,many,persistent,NA,pubescent,1.4,young,NA,dull,NA,NA,NA,NA,NA,NA,NA,NA,lanceolate|lobed|obtuse|acute,NA,entire,stalked|sessile,NA,NA,NA,NA,NA,NA,NA
Encephalartos_lehmannii,NA,NA,NA,NA,NA,NA,coloured,NA,NA,NA,NA,NA,stalked,NA,branched|simple,NA,NA,NA,NA,thickened,NA,NA,NA,many,persistent,NA,pubescent,1.5,young,NA,dull,NA,NA,NA,NA,NA,NA,NA,NA,lanceolate|lobed|obtuse|acute,NA,entire,stalked|sessile,NA,NA,NA,NA,NA,NA,NA
Encephalartos_kisambo,NA,NA,NA,NA,NA,NA,coloured,NA,NA,NA,NA,NA,stalked,NA,branched|simple,NA,NA,NA,NA,thickened,NA,NA,NA,many,persistent,NA,stiff,4,young,NA,semiglossy,NA,NA,NA,NA,NA,NA,horizontal,NA,lanceolate|lobed|to_obtuse,NA,entire,stalked|sessile,NA,NA,NA,NA,NA,NA,NA
Encephalartos_lanatus,NA,NA,NA,NA,NA,NA,coloured,NA,NA,NA,NA,NA,stalked,NA,branched|simple,NA,NA,NA,NA,thickened,NA,NA,NA,many,persistent,NA,pubescent,1,young,NA,dull,NA,NA,NA,NA,NA,NA,horizontal,NA,lobed,NA,entire,stalked|sessile,NA,NA,NA,NA,NA,NA,NA
Encephalartos_cycadifolius,NA,NA,NA,NA,NA,NA,coloured,NA,NA,NA,NA,NA,stalked,NA,branched|simple,NA,NA,NA,NA,thickened,NA,NA,NA,many,persistent,NA,pubescent,1,young,NA,dull,flat,NA,NA,NA,NA,NA,horizontal,NA,lobed|obtuse,NA,entire,stalked|sessile,NA,NA,NA,NA,NA,NA,NA
Encephalartos_laevifolius,NA,NA,NA,NA,NA,NA,coloured,NA,NA,NA,NA,NA,stalked,NA,branched|simple,NA,NA,NA,NA,thickened,NA,NA,NA,many,persistent,NA,pubescent,1.5,young,NA,dull,NA,NA,NA,NA,NA,NA,NA,NA,lobed|obtuse,NA,entire,stalked|sessile,NA,NA,NA,NA,NA,NA,NA
Encephalartos_humilis,NA,NA,NA,NA,NA,NA,coloured,NA,NA,NA,NA,NA,stalked,NA,branched|simple,NA,NA,NA,NA,thickened,NA,NA,NA,many,persistent,NA,pubescent,0.5,young,NA,semiglossy,NA,NA,NA,NA,NA,NA,NA,NA,lobed|obtuse,NA,entire,stalked|sessile,NA,NA,NA,NA,NA,NA,NA
Encephalartos_marunguensis,NA,NA,NA,NA,NA,NA,coloured,NA,NA,NA,NA,NA,stalked,NA,branched|simple,NA,NA,NA,NA,thickened,NA,NA,NA,many,persistent,NA,pubescent,0.85,young,NA,semiglossy,NA,NA,NA,NA,NA,NA,NA,NA,lobed|obtuse,NA,entire,stalked|sessile,NA,NA,NA,NA,NA,NA,NA
Encephalartos_nubimontanus,NA,NA,NA,NA,NA,NA,coloured,NA,NA,NA,NA,NA,stalked,NA,branched|simple,NA,NA,NA,NA,thickened,NA,NA,NA,many,persistent,NA,pubescent,1.4,young,NA,dull,NA,NA,NA,NA,NA,NA,NA,NA,lanceolate|lobed|acute,NA,entire|toothed,stalked|sessile,NA,NA,NA,NA,NA,NA,NA
Encephalartos_dolomiticus,NA,NA,NA,NA,NA,NA,coloured,NA,NA,NA,NA,NA,stalked,NA,branched|simple,NA,NA,NA,NA,thickened,NA,NA,NA,many,persistent,NA,pubescent,0.8,young,NA,dull,NA,NA,NA,NA,NA,NA,NA,NA,lanceolate|lobed|obtuse,NA,entire|toothed,stalked|sessile,NA,NA,NA,NA,NA,NA,NA
Encephalartos_schaijesii,NA,NA,NA,NA,NA,NA,coloured,NA,NA,NA,NA,NA,stalked,NA,branched|simple,NA,NA,NA,NA,thickened,NA,NA,NA,many,persistent,NA,pubescent,1.2,young,NA,dull,NA,NA,NA,NA,NA,NA,NA,NA,lanceolate|lobed|obtuse,NA,entire|toothed,stalked|sessile,NA,NA,NA,NA,NA,NA,NA
Encephalartos_poggei,NA,NA,NA,NA,NA,NA,coloured,NA,NA,NA,NA,NA,stalked,NA,branched|simple,NA,NA,NA,NA,thickened,NA,NA,NA,many,persistent,NA,pubescent,1.5,young,NA,semiglossy,NA,NA,NA,NA,NA,NA,NA,NA,linear|lanceolate|lobed|acute,NA,entire|toothed,stalked|sessile,NA,NA,NA,NA,NA,NA,NA
Encephalartos_cerinus,NA,NA,NA,NA,NA,NA,coloured,NA,NA,NA,NA,NA,stalked,NA,branched|simple,NA,NA,NA,NA,thickened,NA,NA,NA,many,persistent,NA,stiff,1.2,young,NA,dull,flat,NA,NA,NA,NA,NA,NA,NA,lobed|obtuse,NA,entire|toothed,stalked|sessile,NA,NA,NA,NA,NA,NA,NA
Encephalartos_schmitzii,NA,NA,NA,NA,NA,NA,coloured,NA,NA,NA,NA,NA,stalked,NA,branched|simple,NA,NA,NA,NA,thickened,NA,NA,NA,many,persistent,NA,pubescent,0.6,young,NA,semiglossy,NA,NA,NA,NA,NA,NA,NA,NA,lobed|obtuse,NA,entire|toothed,stalked|sessile,NA,NA,NA,NA,NA,NA,NA
Encephalartos_natalensis,NA,NA,NA,NA,NA,NA,coloured,NA,NA,NA,NA,NA,stalked,NA,branched|simple,NA,NA,NA,NA,thickened,NA,NA,NA,many,persistent,NA,pubescent,3,young,NA,glossy,flat,NA,NA,NA,NA,NA,NA,NA,ovate|lobed|obtuse,NA,entire|toothed,stalked|sessile,NA,NA,NA,NA,NA,NA,NA
Encephalartos_arenarius,NA,NA,NA,NA,NA,NA,coloured,NA,NA,NA,NA,NA,stalked,NA,branched|simple,NA,NA,NA,NA,thickened,NA,NA,NA,many,persistent,NA,pubescent,1.5,young,NA,semiglossy,NA,NA,NA,NA,NA,NA,horizontal,NA,ovate|to_obtuse,3,toothed,stalked|sessile,NA,NA,NA,NA,NA,NA,NA
Encephalartos_senticosus,NA,NA,NA,NA,NA,NA,coloured,NA,NA,NA,NA,NA,stalked,NA,branched|simple,NA,NA,NA,NA,thickened,NA,NA,NA,many,persistent,NA,pubescent,1.8,young,NA,glossy,NA,NA,NA,NA,NA,NA,NA,NA,lanceolate,NA,toothed,stalked|sessile,NA,NA,NA,NA,NA,NA,NA
Encephalartos_barteri,NA,NA,NA,NA,NA,NA,coloured,NA,NA,NA,NA,NA,stalked,NA,branched|simple,NA,NA,NA,NA,thickened,NA,NA,NA,many,persistent,NA,pubescent,1.8,young,NA,NA,NA,NA,NA,NA,NA,NA,NA,NA,lanceolate|linear|lanceolate|lobed,NA,toothed,stalked|sessile,NA,NA,NA,NA,NA,NA,NA
Encephalartos_cupidus,NA,NA,NA,NA,NA,NA,coloured,NA,NA,NA,NA,NA,stalked,NA,branched|simple,NA,NA,NA,NA,thickened,NA,NA,NA,many,persistent,NA,pubescent,1,young,NA,dull,NA,NA,NA,NA,NA,NA,horizontal,NA,lanceolate|lobed,NA,toothed,stalked|sessile,NA,NA,NA,NA,NA,NA,NA
Encephalartos_gratus,NA,NA,NA,NA,NA,NA,coloured,NA,NA,NA,NA,NA,stalked,NA,branched|simple,NA,NA,NA,NA,thickened,NA,NA,NA,many,persistent,NA,pubescent,2,young,NA,glossy,NA,NA,NA,NA,NA,NA,horizontal,NA,lanceolate|lobed,NA,toothed,stalked|sessile,NA,NA,NA,NA,NA,NA,NA
Encephalartos_manikensis,NA,NA,NA,NA,NA,NA,coloured,NA,NA,NA,NA,NA,stalked,NA,branched|simple,NA,NA,NA,NA,thickened,NA,NA,NA,many,persistent,NA,pubescent,2,young,NA,glossy,NA,NA,NA,NA,NA,NA,horizontal,NA,lanceolate|lobed,NA,toothed,stalked|sessile,NA,NA,NA,NA,NA,NA,NA
Encephalartos_umbeluziensis,NA,NA,NA,NA,NA,NA,coloured,NA,NA,NA,NA,NA,stalked,NA,branched|simple,NA,NA,NA,NA,thickened,NA,NA,NA,many,persistent,NA,pubescent,2,young,NA,glossy,NA,NA,NA,NA,NA,NA,horizontal,NA,lanceolate|lobed,NA,toothed,stalked|sessile,NA,NA,NA,NA,NA,NA,NA
Encephalartos_whitelockii,NA,NA,NA,NA,NA,NA,coloured,NA,NA,NA,NA,NA,stalked,NA,branched|simple,NA,NA,NA,NA,thickened,NA,NA,NA,many,persistent,NA,pubescent,4.1,young,NA,glossy,NA,NA,NA,NA,NA,NA,horizontal,NA,lanceolate|lobed,NA,toothed,stalked|sessile,NA,NA,NA,NA,NA,NA,NA
Encephalartos_laurentianus,NA,NA,NA,NA,NA,NA,coloured,NA,NA,NA,NA,NA,stalked,NA,branched|simple,NA,NA,NA,NA,thickened,NA,NA,NA,many,persistent,NA,pubescent,7,young,NA,glossy,NA,NA,NA,NA,NA,NA,horizontal,NA,lanceolate|lobed,NA,toothed,stalked|sessile,NA,NA,NA,NA,NA,NA,NA
Encephalartos_ngoyanus,NA,NA,NA,NA,NA,NA,coloured,NA,NA,NA,NA,NA,stalked,NA,branched|simple,NA,NA,NA,NA,thickened,NA,NA,NA,many,persistent,NA,pubescent,1.25,young,NA,semiglossy,NA,NA,NA,NA,NA,NA,horizontal,NA,lanceolate|lobed,NA,toothed,stalked|sessile,NA,NA,NA,NA,NA,NA,NA
Encephalartos_septentrionalis,NA,NA,NA,NA,NA,NA,coloured,NA,NA,NA,NA,NA,stalked,NA,branched|simple,NA,NA,NA,NA,thickened,NA,NA,NA,many,persistent,NA,pubescent,1.5,young,NA,glossy,NA,NA,NA,NA,NA,NA,horizontal,NA,lanceolate|lobed|obtuse,NA,toothed,stalked|sessile,NA,NA,NA,NA,NA,NA,NA
Encephalartos_ituriensis,NA,NA,NA,NA,NA,NA,coloured,NA,NA,NA,NA,NA,stalked,NA,branched|simple,NA,NA,NA,NA,thickened,NA,NA,NA,many,persistent,NA,stiff,3,young,NA,NA,NA,NA,NA,NA,NA,NA,horizontal,NA,lanceolate|lobed|obtuse,NA,toothed,stalked|sessile,NA,NA,NA,NA,NA,NA,NA
Encephalartos_dyerianus,NA,NA,NA,NA,NA,NA,coloured,NA,NA,NA,NA,NA,stalked,NA,branched|simple,NA,NA,NA,NA,thickened,NA,NA,NA,many,persistent,NA,pubescent,1.7,young,NA,dull,NA,NA,NA,NA,NA,NA,NA,NA,lanceolate|lobed|obtuse,NA,toothed,stalked|sessile,NA,NA,NA,NA,NA,NA,NA
Encephalartos_pterogonus,NA,NA,NA,NA,NA,NA,coloured,NA,NA,NA,NA,NA,stalked,NA,branched|simple,NA,NA,NA,NA,thickened,NA,NA,NA,many,persistent,NA,pubescent,1.5,young,NA,glossy,NA,NA,NA,NA,NA,NA,NA,NA,lanceolate|lobed|obtuse,NA,toothed,stalked|sessile,NA,NA,NA,NA,NA,NA,NA
Encephalartos_chimanimaniensis,NA,NA,NA,NA,NA,NA,coloured,NA,NA,NA,NA,NA,stalked,NA,branched|simple,NA,NA,NA,NA,thickened,NA,NA,NA,many,persistent,NA,stiff,1.5,young,NA,glossy,NA,NA,NA,NA,NA,NA,NA,NA,lanceolate|lobed|obtuse,NA,toothed,stalked|sessile,NA,NA,NA,NA,NA,NA,NA
Encephalartos_aemulans,NA,NA,NA,NA,NA,NA,coloured,NA,NA,NA,NA,NA,stalked,NA,branched|simple,NA,NA,NA,NA,thickened,NA,NA,NA,many,persistent,NA,pubescent,2,young,NA,glossy,NA,NA,NA,NA,NA,NA,NA,NA,lanceolate|lobed|obtuse,NA,toothed,stalked|sessile,NA,NA,NA,NA,NA,NA,NA
Encephalartos_hildebrandtii,NA,NA,NA,NA,NA,NA,coloured,NA,NA,NA,NA,NA,stalked,NA,branched|simple,NA,NA,NA,NA,thickened,NA,NA,NA,many,persistent,NA,pubescent,3,young,NA,glossy,NA,NA,NA,NA,NA,NA,NA,NA,lanceolate|lobed|obtuse,NA,toothed,stalked|sessile,NA,NA,NA,NA,NA,NA,NA
Encephalartos_munchii,NA,NA,NA,NA,NA,NA,coloured,NA,NA,NA,NA,NA,stalked,NA,branched|simple,NA,NA,NA,NA,thickened,NA,NA,NA,many,persistent,NA,pubescent,1.3,young,NA,semiglossy,NA,NA,NA,NA,NA,NA,NA,NA,lanceolate|lobed|obtuse,NA,toothed,stalked|sessile,NA,NA,NA,NA,NA,NA,NA
Encephalartos_bubalinus,NA,NA,NA,NA,NA,NA,coloured,NA,NA,NA,NA,NA,stalked,NA,branched|simple,NA,NA,NA,NA,thickened,NA,NA,NA,many,persistent,NA,pubescent,1.6,young,NA,semiglossy,NA,NA,NA,NA,NA,NA,NA,NA,lanceolate|lobed|obtuse,NA,toothed,stalked|sessile,NA,NA,NA,NA,NA,NA,NA
Encephalartos_concinnus,NA,NA,NA,NA,NA,NA,coloured,NA,NA,NA,NA,NA,stalked,NA,branched|simple,NA,NA,NA,NA,thickened,NA,NA,NA,many,persistent,NA,stiff,2,young,NA,semiglossy,NA,NA,NA,NA,NA,NA,NA,NA,lanceolate|lobed|obtuse,NA,toothed,stalked|sessile,NA,NA,NA,NA,NA,NA,NA
Encephalartos_paucidentatus,NA,NA,NA,NA,NA,NA,coloured,NA,NA,NA,NA,NA,stalked,NA,branched|simple,NA,NA,NA,NA,thickened,NA,NA,NA,many,persistent,NA,pubescent,2.5,young,reflexed,glossy,NA,NA,NA,NA,NA,NA,horizontal,NA,lanceolate|lobed|to_obtuse,NA,toothed,stalked|sessile,NA,NA,NA,NA,NA,NA,NA
Encephalartos_transvenosus,NA,NA,NA,NA,NA,NA,coloured,NA,NA,NA,NA,NA,stalked,NA,branched|simple,NA,NA,NA,NA,thickened,NA,NA,NA,many,persistent,NA,pubescent,2.5,young,NA,glossy,NA,NA,NA,NA,NA,NA,horizontal,NA,lanceolate|ovate|lobed,NA,toothed,stalked|sessile,NA,NA,NA,NA,NA,NA,NA
Encephalartos_altensteinii,NA,NA,NA,NA,NA,NA,coloured,NA,NA,NA,NA,NA,stalked,NA,branched|simple,NA,NA,NA,NA,thickened,NA,NA,NA,many,persistent,NA,pubescent,2,young,NA,glossy,NA,NA,NA,NA,NA,NA,NA,NA,lanceolate|ovate|lobed|obtuse,NA,toothed,stalked|sessile,NA,NA,NA,NA,NA,NA,NA
Encephalartos_delucanus,NA,NA,NA,NA,NA,NA,coloured,NA,NA,NA,NA,NA,stalked,NA,branched|simple,NA,NA,NA,NA,thickened,NA,NA,NA,many,persistent,NA,pubescent,0.65,young,NA,semiglossy,NA,NA,NA,NA,NA,NA,NA,NA,linear|lanceolate|lobed|obtuse,NA,toothed,stalked|sessile,NA,NA,NA,NA,NA,NA,NA
Encephalartos_friderici-guilielmi,NA,NA,NA,NA,NA,NA,coloured,NA,NA,NA,NA,NA,stalked,NA,branched|simple,NA,NA,NA,NA,thickened,NA,NA,NA,many,persistent,NA,pubescent,1.5,young,NA,dull,NA,NA,NA,NA,NA,NA,NA,NA,lobed|obtuse|acute,NA,toothed,stalked|sessile,NA,NA,NA,NA,NA,NA,NA
Encephalartos_woodii,NA,NA,NA,NA,NA,NA,coloured,NA,NA,NA,0.04,NA,stalked,NA,branched|simple,NA,NA,NA,NA,thickened,NA,NA,NA,many,persistent,NA,pubescent,2.5,young,NA,semiglossy,NA,NA,NA,NA,NA,NA,NA,lowest,ovate|lobed|obtuse,NA,toothed,stalked|sessile,NA,NA,NA,NA,NA,NA,NA
Encephalartos_lebomboensis,NA,NA,NA,NA,NA,NA,coloured,NA,NA,NA,NA,NA,stalked,NA,branched|simple,NA,NA,NA,NA,thickened,NA,NA,NA,many,persistent,NA,pubescent,1.5,young,NA,glossy,NA,NA,NA,NA,NA,NA,NA,NA,lanceolate|lobed|obtuse,NA,toothed|toothed,stalked|sessile,NA,NA,NA,NA,NA,NA,NA
Cycas_zambalensis,NA,NA,NA,NA,NA,NA,NA,0.13,0.0025,NA,0.07,NA,NA,NA,branched|simple,NA,NA,NA,NA,NA,NA,NA,NA,NA,NA,NA,pubescent,1.9,young,NA,semiglossy,keeled,NA,NA,NA,NA,NA,NA,NA,NA,NA,NA,NA,NA,NA,NA,NA,NA,NA,NA
Cycas_circinalis,NA,NA,NA,0.025,NA,prominent|raised,NA,NA,0.0025,NA,0.05,NA,NA,present,branched|simple,NA,NA,NA,0.1,0.038,24,NA,NA,NA,NA,NA,pubescent,2.5,young,NA,bright|semiglossy,NA,NA,NA,NA,NA,NA,NA,NA,NA,NA,NA,NA,NA,NA,NA,NA,NA,NA,NA
Cycas_sphaerica,NA,NA,NA,0.025,NA,prominent|raised,NA,NA,NA,NA,NA,NA,NA,present,branched|simple,NA,NA,NA,0.055,NA,NA,0.01,NA,NA,NA,NA,pubescent,2.7,young,NA,bright|semiglossy,NA,NA,NA,NA,NA,NA,NA,NA,NA,NA,NA,NA,NA,NA,NA,NA,NA,NA,NA
Cycas_micholitzii,NA,NA,NA,0.006,upturned,prominent|rudimentary,NA,0.33,NA,NA,0.08,NA,NA,absent,branched|simple,NA,NA,NA,NA,NA,NA,NA,NA,NA,NA,NA,pubescent,2.4,young,NA,bright|semiglossy|dull,NA,NA,NA,NA,NA,NA,NA,NA,NA,NA,NA,NA,NA,NA,NA,NA,NA,NA,NA
Cycas_beddomei,NA,NA,NA,NA,NA,prominent|raised,NA,NA,NA,NA,NA,NA,NA,present,branched|simple,NA,NA,NA,0.075,0.025,16,NA,NA,NA,NA,NA,pubescent,0.9,young,NA,dull,NA,NA,NA,NA,NA,NA,NA,NA,NA,NA,NA,NA,NA,NA,NA,NA,NA,NA,NA
Cycas_multipinnata,NA,NA,NA,0.04,NA,NA,NA,0.72,NA,NA,0.06,NA,NA,absent,branched|simple,NA,NA,NA,0.07,0.06|0.002,22,0.04,NA,NA,NA,NA,pubescent,4,young,NA,glossy,NA,NA,NA,NA,NA,NA,NA,NA,NA,NA,NA,NA,NA,NA,NA,NA,NA,NA,NA
Cycas_revoluta,0.008,deflexed,NA,0.05,NA,NA,NA,0.02,NA,NA,NA,NA,NA,absent,branched|simple,NA,NA,NA,0.12,0.055,27,0.028,NA,NA,NA,NA,pubescent,1.5,young,NA,semiglossy,NA,NA,NA,NA,NA,NA,NA,NA,NA,NA,NA,NA,NA,NA,NA,NA,NA,NA,NA
Cycas_debaoensis,NA,NA,NA,0.04,NA,NA,NA,0.17,0.003,NA,0.09,NA,NA,absent,branched|simple,NA,NA,NA,0.09,0.09|0.002,28,0.05,NA,NA,NA,NA,pubescent,3,young,NA,semiglossy,NA,NA,NA,NA,NA,NA,NA,NA,NA,NA,NA,NA,NA,NA,NA,NA,NA,NA,NA
Cycas_shanyaensis,NA,NA,NA,0.035,NA,NA,NA,NA,NA,NA,NA,NA,NA,NA,branched|simple,NA,NA,NA,0.075,0.09,6,0.007,NA,NA,NA,NA,pubescent,1.6,young,NA,NA,NA,NA,NA,NA,NA,NA,NA,NA,NA,NA,NA,NA,NA,NA,NA,NA,NA,NA,NA
Cycas_indica,NA,NA,NA,NA,NA,NA,NA,NA,NA,NA,NA,NA,NA,NA,branched|simple,NA,NA,NA,NA,NA,NA,NA,NA,NA,NA,NA,pubescent,NA,young,NA,NA,NA,NA,NA,NA,NA,NA,NA,NA,NA,NA,NA,NA,NA,NA,NA,NA,NA,NA,NA